2016	BRAND
ASUS	BRAND
15.6	SCREENSIZE
High	OTHER
Performance	OTHER
Premium	DISPLAY
HD	DISPLAY
Laptop	DISPLAY
-LRB-	OTHER
Intel	OTHER
Quad	OTHER
Core	OTHER
Pentium	OTHER
N3700	OTHER
Processor	OTHER
up	OTHER
to	OTHER
2.4	OTHER
GHz	OTHER
,	RAM
4GB	RAM
RAM	RAM
,	RAM
500GB	HARDDISK
HDD	HARDDISK
,	HARDDISK
SuperMulti	OTHER
DVD	OTHER
,	OTHER
Wifi	OTHER
,	OTHER
HDMI	OTHER
,	OTHER
VGA	OTHER
,	OTHER
Webcam	OTHER
,	OTHER
Windows	OS
10-silver	OS
-RRB-	OTHER
2016	BRAND
Dell	BRAND
Inspiron	BRAND
15	BRAND
5000	BRAND
15.6	SCREENSIZE
''	SCREENSIZE
FHD	DISPLAY
Touchscreen	DISPLAY
Laptop	DISPLAY
,	DISPLAY
Intel	OTHER
Core	OTHER
i5-6200U	OTHER
,	RAM
8	RAM
GB	RAM
RAM	RAM
,	RAM
1	HARDDISK
TB	HARDDISK
HDD	HARDDISK
,	HARDDISK
DVD	OTHER
,	OTHER
Backlit	OTHER
keyboard	OTHER
,	OTHER
HDMI	OTHER
,	OTHER
Bluetooth	OTHER
,	OTHER
802.11	OTHER
ac	OTHER
,	OTHER
RealSense	OTHER
3D	OTHER
Webcam	OTHER
,	OTHER
Windows	OS
10-MaxxAudio	OS
Pro	BRAND
2016	BRAND
Lenovo	BRAND
Premium	BRAND
Built	OTHER
High	OTHER
Performance	OTHER
15.6	SCREENSIZE
inch	SCREENSIZE
HD	DISPLAY
Laptop	DISPLAY
-LRB-	OTHER
AMD	OTHER
FX7500	OTHER
Processor	OTHER
,	RAM
8GB	RAM
RAM	RAM
1T	HARDDISK
HDD	HARDDISK
,	HARDDISK
DVD	OTHER
RW	OTHER
,	OTHER
Bluetooth	OTHER
,	OTHER
Webcam	OTHER
,	OTHER
WiFi	OTHER
,	OTHER
HDMI	OTHER
,	OTHER
Windows	OS
10	OS
-RRB-	OTHER
-	OTHER
Black	COLOR
2016	BRAND
Lenovo	BRAND
ThinkPad	BRAND
Edge	BRAND
E560	BRAND
15.6	SCREENSIZE
''	SCREENSIZE
Business	OTHER
Laptop	OTHER
:	OTHER
Intel	OTHER
6th	OTHER
Gen	OTHER
Core	OTHER
i5-6200U	OTHER
|	RAM
8GB	RAM
RAM	RAM
|	HARDDISK
500GB	HARDDISK
7200RPM	HARDDISK
|	HARDDISK
FingerPrint	OTHER
Reader	OTHER
|	OTHER
DVD	OTHER
RW	OTHER
|	OTHER
802.11	OTHER
AC	OTHER
|	OS
Windows	OS
7	OS
Professional	OS
2017	BRAND
ASUS	BRAND
Premium	OTHER
High	OTHER
Performance	OTHER
14	SCREENSIZE
''	SCREENSIZE
Full	DISPLAY
HD	DISPLAY
1920x1080	DISPLAY
Flagship	OTHER
Laptop	OTHER
Intel	OTHER
Celeron	OTHER
Dual	OTHER
Core-Processor	OTHER
4GB	RAM
RAM	RAM
32GB	HARDDISK
HDD	HARDDISK
HDMI	OTHER
WIFI	OTHER
WEBCAM	OTHER
Windows	OS
10	OS
-	OS
Blue	COLOR
2017	BRAND
Dell	BRAND
Inspiron	BRAND
14	SCREENSIZE
''	SCREENSIZE
Premium	OTHER
High	OTHER
Performance	OTHER
Laptop	OTHER
PC	OTHER
Intel	OTHER
Celeron	OTHER
Processor	OTHER
2GB	RAM
Memory	RAM
32GB	HARDDISK
hard	HARDDISK
drive	HARDDISK
HDMI	OTHER
Bluetooth	OTHER
WIFI	OTHER
Webcam	OTHER
MaxxAudio	OTHER
Window	OS
10-Black	COLOR
2017	BRAND
Dell	BRAND
Inspiron	BRAND
17.3	SCREENSIZE
Inch	SCREENSIZE
Full	DISPLAY
HD	DISPLAY
-LRB-	OTHER
1920	OTHER
x	OTHER
1080	OTHER
-RRB-	OTHER
Touchscreen	OTHER
Signature	OTHER
Edition	OTHER
Laptop	OTHER
,	OTHER
Intel	OTHER
Core	OTHER
i7-6500U	OTHER
2.5	OTHER
GHz	OTHER
,	RAM
16GB	RAM
DDR4	RAM
,	RAM
1TB	HARDDISK
HDD	HARDDISK
,	HARDDISK
DVD	OTHER
+	OTHER
/	OTHER
-	OTHER
RW	OTHER
,	OTHER
802.11	OTHER
AC	OTHER
,	OTHER
Bluetooth	OTHER
,	OTHER
HDMI	OTHER
,	OTHER
Win	OS
10	OS
-	OS
Silver	OS
Acer	OTHER
Chromebook	OTHER
14	OTHER
,	OTHER
Aluminum	OTHER
,	OTHER
14-inch	OTHER
Full	OTHER
HD	OTHER
,	OTHER
Intel	OTHER
Celeron	OTHER
Quad-Core	OTHER
N3160	OTHER
,	RAM
4GB	RAM
LPDDR3	OTHER
,	OTHER
32GB	HARDDISK
,	OTHER
Chrome	OS
,	OTHER
CB3-431-C5FM	OTHER
Acer	OTHER
Chromebook	OTHER
CB3-131-C3SZ	OTHER
11.6-Inch	OTHER
Laptop	OTHER
-LRB-	OTHER
Intel	OTHER
Celeron	OTHER
N2840	OTHER
Dual-Core	OTHER
Processor	OTHER
,2	RAM
GB	RAM
RAM	RAM
,16	HARDDISK
GB	HARDDISK
Solid	OTHER
State	OTHER
Drive	OTHER
,	OTHER
Chrome	OS
-RRB-	OTHER
,	OTHER
White	OTHER
Acer	OTHER
Chromebook	OTHER
R	OTHER
13	OTHER
Convertible	OTHER
,	OTHER
13.3-inch	OTHER
Full	OTHER
HD	OTHER
Touch	OTHER
,	OTHER
MediaTek	OTHER
MT8173C	OTHER
,	OTHER
4GB	OTHER
LPDDR3	RAM
,	OTHER
32GB	HARDDISK
,	HARDDISK
Chrome	OS
,	OTHER
CB5-312T-K5X4	OTHER
Acer	OTHER
Swift	OTHER
3	OTHER
,	BRAND
14	SCREENSIZE
''	SCREENSIZE
Full	OTHER
HD	OTHER
,	OTHER
7th	OTHER
Gen	OTHER
Intel	OTHER
Core	OTHER
i5-7200U	OTHER
,	RAM
8GB	RAM
DDR4	RAM
,	HARDDISK
256GB	HARDDISK
SSD	HARDDISK
,	HARDDISK
Windows	OS
10	OTHER
,	OTHER
SF314-51-57CP	OTHER
Apple	OTHER
13	OTHER
Inch	OTHER
MacBook	OTHER
Pro	OTHER
/	OTHER
MD101	OTHER
/	OTHER
2.5	OTHER
GHz	OTHER
Intel	OTHER
Core	OTHER
i5	OTHER
,	RAM
4GB	RAM
RAM	RAM
,	RAM
500GB	HARDDISK
HDD	HARDDISK
,	OTHER
Intel	OTHER
HD	OTHER
4000	OTHER
Graphics	OTHER
,	OTHER
DVDRW	OTHER
,	OTHER
WIFI	OTHER
Wireless	OTHER
,	OTHER
iSight	OTHER
Webcam	OTHER
Apple	OTHER
A1181	OTHER
Macbook	OTHER
MB403LL	OTHER
13.3	OTHER
Inch	OTHER
Laptop	DISPLAY
-LRB-	OTHER
2.1	OTHER
GHz	OTHER
Intel	OTHER
Core	OTHER
2	OTHER
Duo	OTHER
Mobile	OTHER
,	OTHER
2	RAM
GB	RAM
SDRAM	RAM
,	RAM
120GB	HARDDISK
HDD	HARDDISK
,	HARDDISK
Mac	OTHER
OS	OTHER
x	OTHER
10.7	OTHER
Lion	OTHER
-RRB-	OTHER
,	OTHER
White	OTHER
Apple	BRAND
MacBook	BRAND
Air	BRAND
13.3-Inch	SCREENSIZE
Laptop	DISPLAY
-LRB-	DISPLAY
Intel	OTHER
Core	OTHER
i5	OTHER
1.6	OTHER
GHz	OTHER
,	OTHER
128GB	HARDDISK
Flash	HARDDISK
,	HARDDISK
8GB	RAM
RAM	RAM
,	RAM
OS	OTHER
X	OTHER
El	OTHER
Capitan	OTHER
-RRB-	OTHER
Apple	BRAND
MacBook	BRAND
Air	BRAND
MMGG2LL/A	OTHER
13.3-Inch	SCREENSIZE
Laptop	DISPLAY
-LRB-	DISPLAY
Intel	OTHER
Core	OTHER
i5	OTHER
,	RAM
8GB	RAM
RAM	RAM
,	RAM
256GB	HARDDISK
,	HARDDISK
Mac	OS
OS	OS
X	OS
-RRB-	OTHER
,	OTHER
Newest	BRAND
Version	BRAND
Apple	BRAND
MacBook	BRAND
Pro	HARDDISK
MF839LL/A	OTHER
13.3-Inch	SCREENSIZE
Laptop	DISPLAY
with	DISPLAY
Retina	DISPLAY
Display	DISPLAY
-LRB-	DISPLAY
2.7	OTHER
GHz	OTHER
Intel	OTHER
Core	OTHER
i5	OTHER
Processor	OTHER
,	RAM
8	RAM
GB	RAM
RAM	RAM
,	RAM
128	HARDDISK
GB	HARDDISK
Hard	HARDDISK
Drive	HARDDISK
,	HARDDISK
OS	OS
X	OS
Yosemite	OS
-RRB-	OTHER
Apple	BRAND
MacBook	BRAND
Pro	BRAND
MJLQ2LL/A	BRAND
15.4-Inch	SCREENSIZE
256GB	HARDDISK
Laptop	HARDDISK
with	DISPLAY
Retina	DISPLAY
Display	DISPLAY
-LRB-	DISPLAY
Certified	OTHER
Refurbished	OTHER
-RRB-	OTHER
Apple	BRAND
MacBook	BRAND
Pro	BRAND
MLH32LL/A	BRAND
15.4-inch	SCREENSIZE
Laptop	SCREENSIZE
with	OTHER
Touch	OTHER
Bar	OTHER
-LRB-	OTHER
2.6	OTHER
GHz	OTHER
quad-core	OTHER
Intel	OTHER
Core	OTHER
i7	OTHER
,	HARDDISK
256GB	HARDDISK
Retina	DISPLAY
Display	DISPLAY
-RRB-	OTHER
,	OTHER
Space	COLOR
Gray	COLOR
ASUS	BRAND	
C201PA-DS02-LG	BRAND
11.6-Inch	SCREENSIZE
Chromebook	BRAND
-LRB-	OTHER
Rockchip	OTHER
RK3288	OTHER
1.8	OTHER
GHz	OTHER
Quad-Core	OTHER
,	RAM
4GB	RAM
DDR3	RAM
,	HARDDISK
16GB	HARDDISK
SSD	HARDDISK
+	HARDDISK
TPM	HARDDISK
,	HARDDISK
Chrome	OS
OS	OS	
-RRB-	OTHER
,	OTHER
Lotus	COLOR
Gold/Red	COLOR
ASUS	BRAND
C302CA-DHM4	BRAND
12.5-Inch	SCREENSIZE
Touchscreen	OTHER
Chromebook	OTHER
Flip	OTHER
Intel	OTHER
Core	OTHER
m3	OTHER
with	OTHER
64GB	HARDDISK
storage	OTHER
and	RAM
4GB	RAM
RAM	RAM
ASUS	BRAND
Chromebook	BRAND
C202SA-YS02	BRAND
11.6	SCREENSIZE
''	SCREENSIZE
Ruggedized	OTHER
and	OTHER
Water	OTHER
Resistant	OTHER
Design	OTHER
with	OTHER
180	OTHER
Degree	OTHER
-LRB-	OTHER
Intel	OTHER
Celeron	OTHER
4	RAM
GB	RAM
,	RAM
16GB	HARDDISK
eMMC	HARDDISK
,	HARDDISK
Dark	COLOR
Blue	COLOR
-RRB-	OTHER
ASUS	BRAND
Chromebook	BRAND
C300SA	OTHER
Compact	OTHER
13.3	SCREENSIZE
Inch	SCREENSIZE
-LRB-	OTHER
Intel	OTHER
Celeron	OTHER
,	RAM
4GB	RAM
,	RAM
16GB	HARDDISK
eMMC	HARDDISK
,	HARDDISK
Black	COLOR
-RRB-	OTHER
ASUS	BRAND
E200HA	BRAND
Portable	OTHER
Lightweight	OTHER
11.6-inch	SCREENSIZE
Intel	OTHER
Quad-Core	OTHER
Laptop	OTHER
,	RAM
4GB	RAM
RAM	RAM
,	RAM
32GB	HARDDISK
Storage	HARDDISK
,	HARDDISK
Windows	OS
10	OS
with	OTHER
1	OTHER
Year	OTHER
Microsoft	OTHER
Office	OTHER
365	OTHER
Subscription	OTHER
ASUS	OTHER
F556UA-AB32	OTHER
15.6-inch	OTHER
Full-HD	OTHER
Laptop	OTHER
,	OTHER
Core	OTHER
i3	OTHER
,	RAM
4GB	RAM
RAM	RAM
,	RAM
1TB	HARDDISK
HDD	HARDDISK
with	OTHER
Windows	OS
10	OS
ASUS	BRAND
F556UA-AB54	BRAND
NB	BRAND
15.6	SCREENSIZE
''	SCREENSIZE
FHD	DISPLAY
Intel	OTHER
Core	OTHER
i5	OTHER
8GB	RAM
256G	HARDDISK
SSD	HARDDISK
Windows	OS
10	OS
Laptop	DISPLAY
-LRB-	OTHER
Gold	OTHER
-RRB-	OTHER
ASUS	OTHER
Flip	OTHER
2-in-1	OTHER
C100PA-DS03	OTHER
10.1-inch	OTHER
Touch	OTHER
Chromebook	OTHER
-LRB-	OTHER
1.8	OTHER
GHz	OTHER
,	RAM
4GB	RAM
Memory	RAM
,	RAM
32GB	HARDDISK
eMMC	OTHER
,	OTHER
Chrome	OS
OS	OTHER
-RRB-	OTHER
,	OTHER
Silver	OTHER
ASUS	OTHER
K501UW-AB78	OTHER
15.6-inch	SCREENSIZE
Full-HD	DISPLAY
Gaming	DISPLAY
Laptop	DISPLAY
-LRB-	OTHER
Intel	OTHER
Core	OTHER
i7	OTHER
,	OTHER
GTX	OTHER
960M	OTHER
,	RAM
8GB	RAM
DDR4	RAM
,	RAM
512GB	HARDDISK
SSD	OTHER
-RRB-	OTHER
Glacier	OTHER
Grey	OTHER
ASUS	BRAND
ROG	BRAND
GL502VS-DB71	BRAND
15.6	SCREENSIZE
''	SCREENSIZE
FullHD	OTHER
Gaming	OTHER
Laptop	OTHER
,	OTHER
Intel	OTHER
Core	OTHER
i76700HQ	OTHER
,	OTHER
NVIDIA	OTHER
GTX	OTHER
1070,256	HARDDISK
GB	HARDDISK
PCIE	HARDDISK
SSD	HARDDISK
+1	HARDDISK
TB	HARDDISK
HDD	HARDDISK
,	HARDDISK
Windows	OS
10	OS
,	OS
Black	COLOR
ASUS	BRAND
ROG	BRAND
Strix	BRAND
GL753VD	BRAND
17.3	SCREENSIZE
''	SCREENSIZE
Gaming	OTHER
Laptop	OTHER
GTX	OTHER
1050	OTHER
4GB	OTHER
Intel	OTHER
Core	OTHER
i7-7700HQ	OTHER
16GB	RAM
DDR4	RAM
1TB	HARDDISK
7200RPM	HARDDISK
HDD	HARDDISK
RGB	OTHER
Keyboard	OTHER