2016	UNID	BRAND
ASUS	UNID	BRAND
15.6	UNID	BRAND
High	UNID	BRAND
Performance	UNID	BRAND
Premium	UNID	BRAND
HD	UNID	BRAND
Laptop	UNID	BRAND
-LRB-	UNID	BRAND
Intel	UNID	BRAND
Quad	UNID	BRAND
Core	UNID	BRAND
Pentium	UNID	BRAND
N3700	UNID	BRAND
Processor	UNID	BRAND
up	UNID	BRAND
to	UNID	BRAND
2.4	UNID	BRAND
GHz	UNID	BRAND
,	UNID	BRAND
4GB	UNID	BRAND
RAM	UNID	BRAND
,	UNID	BRAND
500GB	UNID	BRAND
HDD	UNID	BRAND
,	UNID	BRAND
SuperMulti	UNID	BRAND
DVD	UNID	BRAND
,	UNID	BRAND
Wifi	UNID	BRAND
,	UNID	BRAND
HDMI	UNID	BRAND
,	UNID	BRAND
VGA	UNID	OS
,	UNID	OS
Webcam	UNID	OS
,	UNID	OS
Windows	UNID	OS
10-silver	UNID	OS
-RRB-	UNID	BRAND
2016	UNID	BRAND
Dell	UNID	BRAND
Inspiron	UNID	BRAND
15	UNID	BRAND
5000	UNID	BRAND
15.6	UNID	BRAND
''	UNID	BRAND
FHD	UNID	BRAND
Touchscreen	UNID	BRAND
Laptop	UNID	BRAND
,	UNID	BRAND
Intel	UNID	BRAND
Core	UNID	BRAND
i5-6200U	UNID	BRAND
,	UNID	BRAND
8	UNID	BRAND
GB	UNID	BRAND
RAM	UNID	BRAND
,	UNID	BRAND
1	UNID	BRAND
TB	UNID	BRAND
HDD	UNID	BRAND
,	UNID	BRAND
DVD	UNID	BRAND
,	UNID	BRAND
Backlit	UNID	BRAND
keyboard	UNID	BRAND
,	UNID	BRAND
HDMI	UNID	BRAND
,	UNID	BRAND
Bluetooth	UNID	BRAND
,	UNID	BRAND
802.11	UNID	BRAND
ac	UNID	BRAND
,	UNID	BRAND
RealSense	UNID	OS
3D	UNID	OS
Webcam	UNID	OS
,	UNID	OS
Windows	UNID	OS
10-MaxxAudio	UNID	OS
Pro	UNID	BRAND
2016	UNID	BRAND
Lenovo	UNID	BRAND
Premium	UNID	BRAND
Built	UNID	BRAND
High	UNID	BRAND
Performance	UNID	BRAND
15.6	UNID	BRAND
inch	UNID	BRAND
HD	UNID	BRAND
Laptop	UNID	BRAND
-LRB-	UNID	BRAND
AMD	UNID	BRAND
FX7500	UNID	BRAND
Processor	UNID	BRAND
,	UNID	BRAND
8GB	UNID	BRAND
RAM	UNID	BRAND
1T	UNID	BRAND
HDD	UNID	BRAND
,	UNID	BRAND
DVD	UNID	BRAND
RW	UNID	BRAND
,	UNID	BRAND
Bluetooth	UNID	BRAND
,	UNID	BRAND
Webcam	UNID	BRAND
,	UNID	BRAND
WiFi	UNID	OS
,	UNID	OS
HDMI	UNID	OS
,	UNID	OS
Windows	UNID	OS
10	UNID	OS
-RRB-	UNID	OS
-	UNID	OS
Black	UNID	OS
2016	UNID	BRAND
Lenovo	UNID	BRAND
ThinkPad	UNID	BRAND
Edge	UNID	BRAND
E560	UNID	BRAND
15.6	UNID	BRAND
''	UNID	BRAND
Business	UNID	BRAND
Laptop	UNID	BRAND
:	UNID	BRAND
Intel	UNID	BRAND
6th	UNID	BRAND
Gen	UNID	BRAND
Core	UNID	BRAND
i5-6200U	UNID	BRAND
|	UNID	BRAND
8GB	UNID	BRAND
RAM	UNID	BRAND
|	UNID	BRAND
500GB	UNID	BRAND
7200RPM	UNID	BRAND
|	UNID	BRAND
FingerPrint	UNID	BRAND
Reader	UNID	BRAND
|	UNID	BRAND
DVD	UNID	BRAND
RW	UNID	BRAND
|	UNID	BRAND
802.11	UNID	BRAND
AC	UNID	BRAND
|	UNID	BRAND
Windows	UNID	BRAND
7	UNID	BRAND
Professional	UNID	BRAND
2017	UNID	BRAND
ASUS	UNID	BRAND
Premium	UNID	BRAND
High	UNID	BRAND
Performance	UNID	BRAND
14	UNID	BRAND
''	UNID	BRAND
Full	UNID	BRAND
HD	UNID	BRAND
1920x1080	UNID	BRAND
Flagship	UNID	BRAND
Laptop	UNID	BRAND
Intel	UNID	BRAND
Celeron	UNID	BRAND
Dual	UNID	BRAND
Core-Processor	UNID	BRAND
4GB	UNID	BRAND
RAM	UNID	BRAND
32GB	UNID	BRAND
HDD	UNID	BRAND
HDMI	UNID	BRAND
WIFI	UNID	OS
WEBCAM	UNID	OS
Windows	UNID	OS
10	UNID	OS
-	UNID	OS
Blue	UNID	BRAND
2017	UNID	BRAND
Dell	UNID	BRAND
Inspiron	UNID	BRAND
14	UNID	BRAND
''	UNID	BRAND
Premium	UNID	BRAND
High	UNID	BRAND
Performance	UNID	BRAND
Laptop	UNID	BRAND
PC	UNID	BRAND
Intel	UNID	BRAND
Celeron	UNID	BRAND
Processor	UNID	BRAND
2GB	UNID	BRAND
Memory	UNID	BRAND
32GB	UNID	BRAND
hard	UNID	BRAND
drive	UNID	BRAND
HDMI	UNID	BRAND
Bluetooth	UNID	BRAND
WIFI	UNID	BRAND
Webcam	UNID	BRAND
MaxxAudio	UNID	BRAND
Window	UNID	BRAND
10-Black	UNID	BRAND
2017	UNID	BRAND
Dell	UNID	BRAND
Inspiron	UNID	BRAND
17.3	UNID	BRAND
Inch	UNID	BRAND
Full	UNID	BRAND
HD	UNID	BRAND
-LRB-	UNID	BRAND
1920	UNID	BRAND
x	UNID	BRAND
1080	UNID	BRAND
-RRB-	UNID	BRAND
Touchscreen	UNID	BRAND
Signature	UNID	BRAND
Edition	UNID	BRAND
Laptop	UNID	BRAND
,	UNID	BRAND
Intel	UNID	BRAND
Core	UNID	BRAND
i7-6500U	UNID	BRAND
2.5	UNID	BRAND
GHz	UNID	BRAND
,	UNID	BRAND
16GB	UNID	BRAND
DDR4	UNID	BRAND
,	UNID	BRAND
1TB	UNID	BRAND
HDD	UNID	BRAND
,	UNID	BRAND
DVD	UNID	BRAND
+	UNID	BRAND
/	UNID	BRAND
-	UNID	BRAND
RW	UNID	BRAND
,	UNID	BRAND
802.11	UNID	BRAND
AC	UNID	BRAND
,	UNID	BRAND
Bluetooth	UNID	BRAND
,	UNID	BRAND
HDMI	UNID	BRAND
,	UNID	OS
Win	UNID	OS
10	UNID	OS
-	UNID	OS
Silver	UNID	BRAND
2017	UNID	BRAND
Dell	UNID	BRAND
Inspiron	UNID	BRAND
5000	UNID	BRAND
Touchscreen	UNID	BRAND
17.3	UNID	BRAND
''	UNID	BRAND
FHD	UNID	BRAND
Laptop	UNID	BRAND
6th	UNID	BRAND
Intel	UNID	BRAND
Core	UNID	BRAND
i7-6500U	UNID	BRAND
Processor	UNID	BRAND
up	UNID	BRAND
to	UNID	BRAND
3.1	UNID	BRAND
GHz	UNID	BRAND
16GB	UNID	BRAND
RAM	UNID	BRAND
1TB	UNID	BRAND
HDD	UNID	BRAND
DVD	UNID	BRAND
Backlit-keyboard	UNID	BRAND
HDMI	UNID	BRAND
Bluetooth	UNID	BRAND
802.11	UNID	BRAND
ac	UNID	OS
RealSense	UNID	OS
3D	UNID	OS
Webcam	UNID	OS
Windows	UNID	OS
10	UNID	OS
2017	UNID	OS
HP	UNID	BRAND
15.6	UNID	BRAND
''	UNID	BRAND
HD	UNID	BRAND
WLED	UNID	BRAND
Backlit	UNID	BRAND
Display	UNID	BRAND
Laptop	UNID	BRAND
,	UNID	BRAND
AMD	UNID	BRAND
A6-7310	UNID	BRAND
Quad-Core	UNID	BRAND
APU	UNID	BRAND
2GHz	UNID	BRAND
,	UNID	BRAND
4GB	UNID	BRAND
RAM	UNID	BRAND
,	UNID	BRAND
500GB	UNID	BRAND
HDD	UNID	BRAND
WiFi	UNID	BRAND
,	UNID	BRAND
DVD	UNID	BRAND
+	UNID	BRAND
/	UNID	BRAND
-	UNID	BRAND
RW	UNID	OS
,	UNID	OS
Webcam	UNID	OS
,	UNID	OS
Windows	UNID	OS
10	UNID	OS
,	UNID	OS
Black	UNID	OS
2017	UNID	BRAND
HP	UNID	BRAND
Flagship	UNID	BRAND
15.6	UNID	BRAND
15-ay191ms	UNID	BRAND
HD	UNID	BRAND
Touchscreen	UNID	BRAND
Signature	UNID	BRAND
Edition	UNID	BRAND
Laptop	UNID	BRAND
-LRB-	UNID	BRAND
Intel	UNID	BRAND
Core	UNID	BRAND
i3-7100u	UNID	BRAND
2.40	UNID	BRAND
GHz	UNID	BRAND
,	UNID	BRAND
8	UNID	BRAND
GB	UNID	BRAND
DDR4	UNID	BRAND
Memory	UNID	BRAND
,	UNID	BRAND
1	UNID	BRAND
TB	UNID	BRAND
HDD	UNID	BRAND
,	UNID	BRAND
DVD	UNID	BRAND
Burner	UNID	BRAND
,	UNID	BRAND
HDMI	UNID	BRAND
,	UNID	BRAND
HD	UNID	BRAND
Webcam	UNID	BRAND
,	UNID	BRAND
Bluetooth	UNID	BRAND
,	UNID	OS
Win	UNID	OS
10	UNID	OS
-RRB-	UNID	OS
2017	UNID	BRAND
HP	UNID	BRAND
Pavilion	UNID	BRAND
15.6	UNID	BRAND
''	UNID	BRAND
HD	UNID	BRAND
WLED-backlit	UNID	BRAND
Touchscreen	UNID	BRAND
Laptop	UNID	BRAND
,	UNID	BRAND
Intel	UNID	BRAND
Core	UNID	BRAND
i7-7500U	UNID	BRAND
2.7	UNID	BRAND
GHz	UNID	BRAND
,	UNID	BRAND
16GB	UNID	BRAND
DDR4	UNID	BRAND
RAM	UNID	BRAND
1TB	UNID	BRAND
HDD	UNID	BRAND
,	UNID	BRAND
NVIDIA	UNID	BRAND
GeForce	UNID	BRAND
940MX	UNID	BRAND
DDR3	UNID	BRAND
4GB	UNID	BRAND
Backlit	UNID	BRAND
Keyboard	UNID	BRAND
DVD	UNID	BRAND
+	UNID	BRAND
/	UNID	BRAND
-	UNID	OS
RW	UNID	OS
802.11	UNID	OS
ac	UNID	OS
Windows	UNID	OS
10	UNID	OS
2017	UNID	OS
HP	UNID	BRAND
x360	UNID	BRAND
Flagship	UNID	BRAND
High	UNID	BRAND
Performance	UNID	BRAND
2-in-1	UNID	BRAND
Convertible	UNID	BRAND
Laptop	UNID	BRAND
PC	UNID	BRAND
15.6	UNID	BRAND
''	UNID	BRAND
Full	UNID	BRAND
HD	UNID	BRAND
1920x1080	UNID	BRAND
TouchScreen	UNID	BRAND
Intel	UNID	BRAND
i5-7200U	UNID	BRAND
Processor	UNID	BRAND
8GB	UNID	BRAND
Memory	UNID	BRAND
1TB	UNID	BRAND
HDD	UNID	OS
802.11	UNID	OS
AC	UNID	OS
Bluetooth	UNID	OS
Windows	UNID	OS
10	UNID	OS
Silver	UNID	OS
2017	UNID	OS
Lenovo	UNID	BRAND
110s	UNID	BRAND
Premium	UNID	BRAND
Built	UNID	BRAND
High	UNID	BRAND
Performance	UNID	BRAND
11.6	UNID	BRAND
inch	UNID	BRAND
HD	UNID	BRAND
Laptop	UNID	BRAND
pc	UNID	BRAND
Intel	UNID	BRAND
Celeron	UNID	BRAND
Dual-Core	UNID	BRAND
Processor	UNID	BRAND
2GB	UNID	BRAND
RAM	UNID	BRAND
32G	UNID	BRAND
eMMC	UNID	BRAND
Storage	UNID	BRAND
Webcam	UNID	BRAND
Bluetooth	UNID	BRAND
WiFi	UNID	BRAND
HDMI	UNID	BRAND
1-Year	UNID	BRAND
Office	UNID	BRAND
Windows	UNID	BRAND
10-White	UNID	BRAND
2017	UNID	BRAND
Lenovo	UNID	BRAND
15.6	UNID	BRAND
inch	UNID	BRAND
Premium	UNID	BRAND
HD	UNID	BRAND
Laptop	UNID	BRAND
,	UNID	BRAND
Latest	UNID	BRAND
Intel	UNID	BRAND
Core	UNID	BRAND
i7-7500U	UNID	BRAND
2.7	UNID	BRAND
GHz	UNID	BRAND
,	UNID	BRAND
12	UNID	BRAND
GB	UNID	BRAND
DDR4	UNID	BRAND
RAM	UNID	BRAND
,	UNID	BRAND
1	UNID	BRAND
TB	UNID	BRAND
HDD	UNID	BRAND
,	UNID	BRAND
SuperMulti	UNID	BRAND
DVD	UNID	BRAND
,	UNID	BRAND
VGA	UNID	BRAND
,	UNID	BRAND
HDMI	UNID	BRAND
,	UNID	BRAND
Bluetooth	UNID	BRAND
,	UNID	BRAND
802.11	UNID	BRAND
ac	UNID	BRAND
,	UNID	BRAND
HD	UNID	BRAND
Webcam	UNID	BRAND
,	UNID	BRAND
Windows10-Black	UNID	BRAND
2017	UNID	BRAND
Lenovo	UNID	BRAND
17.3	UNID	BRAND
''	UNID	BRAND
HD	UNID	BRAND
+	UNID	BRAND
High	UNID	BRAND
Performance	UNID	BRAND
Premium	UNID	BRAND
Laptop	UNID	BRAND
,	UNID	BRAND
Intel	UNID	BRAND
Core	UNID	BRAND
i5-6200U	UNID	BRAND
Processor	UNID	BRAND
,	UNID	BRAND
8GB	UNID	BRAND
RAM	UNID	BRAND
,	UNID	BRAND
1TB	UNID	BRAND
HDD	UNID	BRAND
,	UNID	BRAND
Intel	UNID	BRAND
HD	UNID	BRAND
Graphics	UNID	BRAND
520	UNID	BRAND
,	UNID	BRAND
DVD	UNID	BRAND
,	UNID	BRAND
HDMI	UNID	BRAND
,	UNID	BRAND
VGA	UNID	BRAND
,	UNID	BRAND
Bluetooth	UNID	BRAND
,	UNID	BRAND
802.11	UNID	BRAND
ac	UNID	BRAND
,	UNID	BRAND
Webcam	UNID	BRAND
,	UNID	BRAND
Windows	UNID	BRAND
10-Black	UNID	BRAND
2017	UNID	BRAND
Lenovo	UNID	BRAND
Premium	UNID	BRAND
Built	UNID	BRAND
High	UNID	BRAND
Performance	UNID	BRAND
15.6	UNID	BRAND
inch	UNID	BRAND
HD	UNID	BRAND
Laptop	UNID	BRAND
-LRB-	UNID	BRAND
Intel	UNID	BRAND
Celeron	UNID	BRAND
Processor	UNID	BRAND
4GB	UNID	BRAND
RAM	UNID	BRAND
500GB	UNID	BRAND
HDD	UNID	BRAND
,	UNID	BRAND
DVD	UNID	BRAND
RW	UNID	BRAND
,	UNID	BRAND
Bluetooth	UNID	BRAND
,	UNID	BRAND
Webcam	UNID	BRAND
,	UNID	BRAND
WiFi	UNID	OS
,	UNID	OS
HDMI	UNID	OS
,	UNID	OS
Windows	UNID	OS
10	UNID	OS
-RRB-	UNID	OS
-	UNID	OS
Black	UNID	OS
2017	UNID	BRAND
Premium	UNID	BRAND
Built	UNID	BRAND
Lenovo	UNID	BRAND
Yoga	UNID	BRAND
710	UNID	BRAND
High	UNID	BRAND
Performance	UNID	BRAND
14	UNID	BRAND
''	UNID	BRAND
Full	UNID	BRAND
HD	UNID	BRAND
1920x1080	UNID	BRAND
2-in-1	UNID	BRAND
Touchscreen	UNID	BRAND
Laptop	UNID	BRAND
PC	UNID	BRAND
Intel	UNID	BRAND
I5-7200U	UNID	BRAND
Processor	UNID	BRAND
8GB	UNID	BRAND
DDR4	UNID	BRAND
RAM	UNID	BRAND
256GB	UNID	BRAND
SSD	UNID	BRAND
802.11	UNID	BRAND
AC	UNID	BRAND
Wifi	UNID	BRAND
HDMI	UNID	BRAND
Bluetooth	UNID	BRAND
Webcam-Silver	UNID	BRAND
2017	UNID	BRAND
Premium	UNID	BRAND
Dell	UNID	BRAND
Inspiron	UNID	BRAND
15.6-inch	UNID	BRAND
HD	UNID	BRAND
+	UNID	BRAND
Display	UNID	BRAND
Flagship	UNID	BRAND
Laptop	UNID	BRAND
PC	UNID	BRAND
AMD	UNID	BRAND
A9-9400	UNID	BRAND
Dual-Core	UNID	BRAND
Processor	UNID	BRAND
8GB	UNID	BRAND
RAM	UNID	BRAND
1TB	UNID	BRAND
HDD	UNID	BRAND
Radeon	UNID	BRAND
R5	UNID	BRAND
Graphics	UNID	BRAND
WIFI	UNID	BRAND
HDMI	UNID	BRAND
DVD-RW	UNID	BRAND
MaxxAudio	UNID	BRAND
Bluetooth	UNID	BRAND
Windows	UNID	BRAND
10-Gray	UNID	BRAND
Acer	UNID	BRAND
15.6	UNID	BRAND
''	UNID	BRAND
Chromebook	UNID	BRAND
Celeron	UNID	BRAND
N3060	UNID	BRAND
Dual-Core	UNID	BRAND
1.6	UNID	BRAND
GHz	UNID	BRAND
2GB	UNID	BRAND
RAM	UNID	BRAND
16GB	UNID	BRAND
Flash	UNID	BRAND
ChromeOS	UNID	BRAND
-LRB-	UNID	BRAND
Certified	UNID	BRAND
Refurbished	UNID	BRAND
-RRB-	UNID	BRAND
Acer	UNID	BRAND
Aspire	UNID	BRAND
E	UNID	BRAND
15	UNID	BRAND
E5-575-33BM	UNID	BRAND
15.6-Inch	UNID	BRAND
Full	UNID	BRAND
HD	UNID	BRAND
Notebook	UNID	BRAND
-LRB-	UNID	BRAND
Intel	UNID	BRAND
Core	UNID	BRAND
i3-7100U	UNID	BRAND
Processor	UNID	BRAND
7th	UNID	BRAND
Generation	UNID	BRAND
,	UNID	BRAND
4GB	UNID	BRAND
DDR4	UNID	BRAND
,	UNID	BRAND
1TB	UNID	BRAND
5400RPM	UNID	BRAND
Hard	UNID	BRAND
Drive	UNID	BRAND
,	UNID	BRAND
Intel	UNID	BRAND
HD	UNID	BRAND
Graphics	UNID	BRAND
620	UNID	OS
,	UNID	OS
Windows	UNID	OS
10	UNID	OS
Home	UNID	OS
-RRB-	UNID	BRAND
,	UNID	BRAND
Obsidian	UNID	BRAND
Black	UNID	BRAND
Acer	UNID	BRAND
Aspire	UNID	BRAND
E	UNID	BRAND
15	UNID	BRAND
,	UNID	BRAND
7th	UNID	BRAND
Gen	UNID	BRAND
Intel	UNID	BRAND
Core	UNID	BRAND
i5	UNID	BRAND
,	UNID	BRAND
GeForce	UNID	BRAND
940MX	UNID	BRAND
,	UNID	BRAND
15.6	UNID	BRAND
''	UNID	BRAND
Full	UNID	BRAND
HD	UNID	BRAND
,	UNID	BRAND
8GB	UNID	BRAND
DDR4	UNID	BRAND
,	UNID	BRAND
256GB	UNID	OS
SSD	UNID	OS
,	UNID	OS
Win	UNID	OS
10	UNID	OS
,	UNID	OS
E5-575G-57D4	UNID	BRAND
Acer	UNID	BRAND
Aspire	UNID	BRAND
E5-575G-53VG	UNID	BRAND
15.6-Inch	UNID	BRAND
Full	UNID	BRAND
HD	UNID	BRAND
Laptop	UNID	BRAND
-LRB-	UNID	BRAND
Intel	UNID	BRAND
Core	UNID	BRAND
i5	UNID	BRAND
,	UNID	BRAND
NVIDIA	UNID	BRAND
940MX	UNID	BRAND
,	UNID	BRAND
8GB	UNID	BRAND
DDR4	UNID	BRAND
,	UNID	OS
256GB	UNID	OS
SSD	UNID	OS
,	UNID	OS
Windows	UNID	OS
10	UNID	OS
-RRB-	UNID	BRAND
Acer	UNID	BRAND
Aspire	UNID	BRAND
ES	UNID	BRAND
15	UNID	BRAND
,	UNID	BRAND
15.6	UNID	BRAND
''	UNID	BRAND
HD	UNID	BRAND
,	UNID	BRAND
Intel	UNID	BRAND
Core	UNID	BRAND
i3-6100U	UNID	BRAND
,	UNID	BRAND
4GB	UNID	BRAND
DDR3L	UNID	BRAND
,	UNID	OS
1TB	UNID	OS
HDD	UNID	OS
,	UNID	OS
Windows	UNID	OS
10	UNID	OS
Home	UNID	OS
,	UNID	OS
ES1-572-31KW	UNID	BRAND
Acer	UNID	BRAND
Aspire	UNID	BRAND
VX	UNID	BRAND
15	UNID	BRAND
Gaming	UNID	BRAND
Laptop	UNID	BRAND
,	UNID	BRAND
7th	UNID	BRAND
Gen	UNID	BRAND
Intel	UNID	BRAND
Core	UNID	BRAND
i7	UNID	BRAND
,	UNID	BRAND
NVIDIA	UNID	BRAND
GeForce	UNID	BRAND
GTX	UNID	BRAND
1050	UNID	BRAND
Ti	UNID	BRAND
,	UNID	BRAND
15.6	UNID	BRAND
Full	UNID	BRAND
HD	UNID	BRAND
,	UNID	BRAND
16GB	UNID	BRAND
DDR4	UNID	BRAND
,	UNID	BRAND
256GB	UNID	BRAND
SSD	UNID	BRAND
,	UNID	BRAND
VX5-591G-75RM	UNID	BRAND
Acer	UNID	BRAND
Chromebook	UNID	BRAND
14	UNID	BRAND
,	UNID	BRAND
Aluminum	UNID	BRAND
,	UNID	BRAND
14-inch	UNID	BRAND
Full	UNID	BRAND
HD	UNID	BRAND
,	UNID	BRAND
Intel	UNID	BRAND
Celeron	UNID	BRAND
Quad-Core	UNID	BRAND
N3160	UNID	BRAND
,	UNID	BRAND
4GB	UNID	BRAND
LPDDR3	UNID	BRAND
,	UNID	BRAND
32GB	UNID	BRAND
,	UNID	BRAND
Chrome	UNID	BRAND
,	UNID	BRAND
CB3-431-C5FM	UNID	BRAND
Acer	UNID	BRAND
Chromebook	UNID	BRAND
CB3-131-C3SZ	UNID	BRAND
11.6-Inch	UNID	BRAND
Laptop	UNID	BRAND
-LRB-	UNID	BRAND
Intel	UNID	BRAND
Celeron	UNID	BRAND
N2840	UNID	BRAND
Dual-Core	UNID	BRAND
Processor	UNID	BRAND
,2	UNID	BRAND
GB	UNID	BRAND
RAM	UNID	BRAND
,16	UNID	BRAND
GB	UNID	BRAND
Solid	UNID	BRAND
State	UNID	BRAND
Drive	UNID	BRAND
,	UNID	BRAND
Chrome	UNID	BRAND
-RRB-	UNID	BRAND
,	UNID	BRAND
White	UNID	BRAND
Acer	UNID	BRAND
Chromebook	UNID	BRAND
R	UNID	BRAND
13	UNID	BRAND
Convertible	UNID	BRAND
,	UNID	BRAND
13.3-inch	UNID	BRAND
Full	UNID	BRAND
HD	UNID	BRAND
Touch	UNID	BRAND
,	UNID	BRAND
MediaTek	UNID	BRAND
MT8173C	UNID	BRAND
,	UNID	BRAND
4GB	UNID	BRAND
LPDDR3	UNID	BRAND
,	UNID	BRAND
32GB	UNID	BRAND
,	UNID	BRAND
Chrome	UNID	BRAND
,	UNID	BRAND
CB5-312T-K5X4	UNID	BRAND
Acer	UNID	BRAND
Swift	UNID	BRAND
3	UNID	BRAND
,	UNID	BRAND
14	UNID	BRAND
''	UNID	BRAND
Full	UNID	BRAND
HD	UNID	BRAND
,	UNID	BRAND
7th	UNID	BRAND
Gen	UNID	BRAND
Intel	UNID	BRAND
Core	UNID	BRAND
i5-7200U	UNID	BRAND
,	UNID	BRAND
8GB	UNID	BRAND
DDR4	UNID	BRAND
,	UNID	OS
256GB	UNID	OS
SSD	UNID	OS
,	UNID	OS
Windows	UNID	OS
10	UNID	OS
,	UNID	OS
SF314-51-57CP	UNID	OS
Apple	UNID	OS
13	UNID	OS
Inch	UNID	BRAND
MacBook	UNID	BRAND
Pro	UNID	BRAND
/	UNID	BRAND
MD101	UNID	BRAND
/	UNID	BRAND
2.5	UNID	BRAND
GHz	UNID	BRAND
Intel	UNID	BRAND
Core	UNID	BRAND
i5	UNID	BRAND
,	UNID	BRAND
4GB	UNID	BRAND
RAM	UNID	BRAND
,	UNID	BRAND
500GB	UNID	BRAND
HDD	UNID	BRAND
,	UNID	BRAND
Intel	UNID	BRAND
HD	UNID	BRAND
4000	UNID	BRAND
Graphics	UNID	BRAND
,	UNID	BRAND
DVDRW	UNID	BRAND
,	UNID	BRAND
WIFI	UNID	BRAND
Wireless	UNID	BRAND
,	UNID	BRAND
iSight	UNID	BRAND
Webcam	UNID	BRAND
Apple	UNID	BRAND
A1181	UNID	BRAND
Macbook	UNID	BRAND
MB403LL	UNID	BRAND
13.3	UNID	BRAND
Inch	UNID	BRAND
Laptop	UNID	BRAND
-LRB-	UNID	BRAND
2.1	UNID	BRAND
GHz	UNID	BRAND
Intel	UNID	BRAND
Core	UNID	BRAND
2	UNID	BRAND
Duo	UNID	BRAND
Mobile	UNID	BRAND
,	UNID	BRAND
2	UNID	BRAND
GB	UNID	BRAND
SDRAM	UNID	BRAND
,	UNID	BRAND
120GB	UNID	BRAND
HDD	UNID	BRAND
,	UNID	BRAND
Mac	UNID	BRAND
OS	UNID	BRAND
x	UNID	BRAND
10.7	UNID	BRAND
Lion	UNID	BRAND
-RRB-	UNID	BRAND
,	UNID	BRAND
White	UNID	BRAND
Apple	UNID	BRAND
MacBook	UNID	BRAND
Air	UNID	BRAND
13.3-Inch	UNID	BRAND
Laptop	UNID	BRAND
-LRB-	UNID	BRAND
Intel	UNID	BRAND
Core	UNID	BRAND
i5	UNID	BRAND
1.6	UNID	BRAND
GHz	UNID	BRAND
,	UNID	BRAND
128GB	UNID	BRAND
Flash	UNID	BRAND
,	UNID	BRAND
8GB	UNID	OS
RAM	UNID	OS
,	UNID	OS
OS	UNID	OS
X	UNID	OS
El	UNID	OS
Capitan	UNID	BRAND
-RRB-	UNID	BRAND
Apple	UNID	BRAND
MacBook	UNID	BRAND
Air	UNID	BRAND
MMGG2LL/A	UNID	BRAND
13.3-Inch	UNID	BRAND
Laptop	UNID	BRAND
-LRB-	UNID	BRAND
Intel	UNID	BRAND
Core	UNID	BRAND
i5	UNID	BRAND
,	UNID	BRAND
8GB	UNID	BRAND
RAM	UNID	BRAND
,	UNID	BRAND
256GB	UNID	OS
,	UNID	OS
Mac	UNID	OS
OS	UNID	OS
X	UNID	OS
-RRB-	UNID	OS
,	UNID	BRAND
Newest	UNID	BRAND
Version	UNID	BRAND
Apple	UNID	BRAND
MacBook	UNID	BRAND
Pro	UNID	BRAND
MF839LL/A	UNID	BRAND
13.3-Inch	UNID	BRAND
Laptop	UNID	BRAND
with	UNID	BRAND
Retina	UNID	BRAND
Display	UNID	BRAND
-LRB-	UNID	BRAND
2.7	UNID	BRAND
GHz	UNID	BRAND
Intel	UNID	BRAND
Core	UNID	BRAND
i5	UNID	BRAND
Processor	UNID	BRAND
,	UNID	BRAND
8	UNID	BRAND
GB	UNID	BRAND
RAM	UNID	BRAND
,	UNID	BRAND
128	UNID	BRAND
GB	UNID	BRAND
Hard	UNID	BRAND
Drive	UNID	BRAND
,	UNID	BRAND
OS	UNID	BRAND
X	UNID	BRAND
Yosemite	UNID	BRAND
-RRB-	UNID	BRAND
Apple	UNID	BRAND
MacBook	UNID	BRAND
Pro	UNID	BRAND
MJLQ2LL/A	UNID	BRAND
15.4-Inch	UNID	BRAND
256GB	UNID	BRAND
Laptop	UNID	BRAND
with	UNID	BRAND
Retina	UNID	BRAND
Display	UNID	BRAND
-LRB-	UNID	BRAND
Certified	UNID	BRAND
Refurbished	UNID	BRAND
-RRB-	UNID	BRAND
Apple	UNID	BRAND
MacBook	UNID	BRAND
Pro	UNID	BRAND
MLH32LL/A	UNID	BRAND
15.4-inch	UNID	BRAND
Laptop	UNID	BRAND
with	UNID	BRAND
Touch	UNID	BRAND
Bar	UNID	BRAND
-LRB-	UNID	BRAND
2.6	UNID	BRAND
GHz	UNID	BRAND
quad-core	UNID	BRAND
Intel	UNID	BRAND
Core	UNID	BRAND
i7	UNID	BRAND
,	UNID	BRAND
256GB	UNID	BRAND
Retina	UNID	BRAND
Display	UNID	BRAND
-RRB-	UNID	BRAND
,	UNID	BRAND
Space	UNID	BRAND
Gray	UNID	BRAND
ASUS	UNID	BRAND
C201PA-DS02-LG	UNID	BRAND
11.6-Inch	UNID	BRAND
Chromebook	UNID	BRAND
-LRB-	UNID	BRAND
Rockchip	UNID	BRAND
RK3288	UNID	BRAND
1.8	UNID	BRAND
GHz	UNID	BRAND
Quad-Core	UNID	BRAND
,	UNID	BRAND
4GB	UNID	BRAND
DDR3	UNID	BRAND
,	UNID	BRAND
16GB	UNID	BRAND
SSD	UNID	BRAND
+	UNID	BRAND
TPM	UNID	BRAND
,	UNID	BRAND
Chrome	UNID	BRAND
OS	UNID	BRAND
-RRB-	UNID	BRAND
,	UNID	BRAND
Lotus	UNID	BRAND
Gold/Red	UNID	BRAND
ASUS	UNID	BRAND
C302CA-DHM4	UNID	BRAND
12.5-Inch	UNID	BRAND
Touchscreen	UNID	BRAND
Chromebook	UNID	BRAND
Flip	UNID	BRAND
Intel	UNID	BRAND
Core	UNID	BRAND
m3	UNID	BRAND
with	UNID	BRAND
64GB	UNID	BRAND
storage	UNID	BRAND
and	UNID	BRAND
4GB	UNID	BRAND
RAM	UNID	BRAND
ASUS	UNID	BRAND
Chromebook	UNID	BRAND
C202SA-YS02	UNID	BRAND
11.6	UNID	BRAND
''	UNID	BRAND
Ruggedized	UNID	BRAND
and	UNID	BRAND
Water	UNID	BRAND
Resistant	UNID	BRAND
Design	UNID	BRAND
with	UNID	BRAND
180	UNID	BRAND
Degree	UNID	BRAND
-LRB-	UNID	BRAND
Intel	UNID	BRAND
Celeron	UNID	BRAND
4	UNID	BRAND
GB	UNID	BRAND
,	UNID	BRAND
16GB	UNID	BRAND
eMMC	UNID	BRAND
,	UNID	BRAND
Dark	UNID	BRAND
Blue	UNID	BRAND
-RRB-	UNID	BRAND
ASUS	UNID	BRAND
Chromebook	UNID	BRAND
C300SA	UNID	BRAND
Compact	UNID	BRAND
13.3	UNID	BRAND
Inch	UNID	BRAND
-LRB-	UNID	BRAND
Intel	UNID	BRAND
Celeron	UNID	BRAND
,	UNID	BRAND
4GB	UNID	BRAND
,	UNID	BRAND
16GB	UNID	BRAND
eMMC	UNID	BRAND
,	UNID	BRAND
Black	UNID	BRAND
-RRB-	UNID	BRAND
ASUS	UNID	BRAND
E200HA	UNID	BRAND
Portable	UNID	BRAND
Lightweight	UNID	BRAND
11.6-inch	UNID	BRAND
Intel	UNID	BRAND
Quad-Core	UNID	BRAND
Laptop	UNID	BRAND
,	UNID	BRAND
4GB	UNID	BRAND
RAM	UNID	BRAND
,	UNID	OS
32GB	UNID	OS
Storage	UNID	OS
,	UNID	OS
Windows	UNID	OS
10	UNID	OS
with	UNID	OS
1	UNID	BRAND
Year	UNID	BRAND
Microsoft	UNID	BRAND
Office	UNID	BRAND
365	UNID	BRAND
Subscription	UNID	BRAND
ASUS	UNID	BRAND
F556UA-AB32	UNID	BRAND
15.6-inch	UNID	BRAND
Full-HD	UNID	BRAND
Laptop	UNID	BRAND
,	UNID	BRAND
Core	UNID	BRAND
i3	UNID	BRAND
,	UNID	BRAND
4GB	UNID	BRAND
RAM	UNID	BRAND
,	UNID	OS
1TB	UNID	OS
HDD	UNID	OS
with	UNID	OS
Windows	UNID	OS
10	UNID	OS
ASUS	UNID	BRAND
F556UA-AB54	UNID	BRAND
NB	UNID	BRAND
15.6	UNID	BRAND
''	UNID	BRAND
FHD	UNID	BRAND
Intel	UNID	BRAND
Core	UNID	BRAND
i5	UNID	BRAND
8GB	UNID	OS
256G	UNID	OS
SSD	UNID	OS
Windows	UNID	OS
10	UNID	OS
Laptop	UNID	OS
-LRB-	UNID	OS
Gold	UNID	BRAND
-RRB-	UNID	BRAND
ASUS	UNID	BRAND
Flip	UNID	BRAND
2-in-1	UNID	BRAND
C100PA-DS03	UNID	BRAND
10.1-inch	UNID	BRAND
Touch	UNID	BRAND
Chromebook	UNID	BRAND
-LRB-	UNID	BRAND
1.8	UNID	BRAND
GHz	UNID	BRAND
,	UNID	BRAND
4GB	UNID	BRAND
Memory	UNID	BRAND
,	UNID	BRAND
32GB	UNID	BRAND
eMMC	UNID	BRAND
,	UNID	BRAND
Chrome	UNID	BRAND
OS	UNID	BRAND
-RRB-	UNID	BRAND
,	UNID	BRAND
Silver	UNID	BRAND
ASUS	UNID	BRAND
K501UW-AB78	UNID	BRAND
15.6-inch	UNID	BRAND
Full-HD	UNID	BRAND
Gaming	UNID	BRAND
Laptop	UNID	BRAND
-LRB-	UNID	BRAND
Intel	UNID	BRAND
Core	UNID	BRAND
i7	UNID	BRAND
,	UNID	BRAND
GTX	UNID	BRAND
960M	UNID	BRAND
,	UNID	BRAND
8GB	UNID	BRAND
DDR4	UNID	BRAND
,	UNID	BRAND
512GB	UNID	BRAND
SSD	UNID	BRAND
-RRB-	UNID	BRAND
Glacier	UNID	BRAND
Grey	UNID	BRAND
ASUS	UNID	BRAND
ROG	UNID	BRAND
GL502VS-DB71	UNID	BRAND
15.6	UNID	BRAND
''	UNID	BRAND
FullHD	UNID	BRAND
Gaming	UNID	BRAND
Laptop	UNID	BRAND
,	UNID	BRAND
Intel	UNID	BRAND
Core	UNID	BRAND
i76700HQ	UNID	BRAND
,	UNID	BRAND
NVIDIA	UNID	BRAND
GTX	UNID	BRAND
1070,256	UNID	BRAND
GB	UNID	BRAND
PCIE	UNID	BRAND
SSD	UNID	BRAND
+1	UNID	OS
TB	UNID	OS
HDD	UNID	OS
,	UNID	OS
Windows	UNID	OS
10	UNID	OS
,	UNID	OS
Black	UNID	OS
ASUS	UNID	BRAND
ROG	UNID	BRAND
Strix	UNID	BRAND
GL753VD	UNID	BRAND
17.3	UNID	BRAND
''	UNID	BRAND
Gaming	UNID	BRAND
Laptop	UNID	BRAND
GTX	UNID	BRAND
1050	UNID	BRAND
4GB	UNID	BRAND
Intel	UNID	BRAND
Core	UNID	BRAND
i7-7700HQ	UNID	BRAND
16GB	UNID	BRAND
DDR4	UNID	BRAND
1TB	UNID	BRAND
7200RPM	UNID	BRAND
HDD	UNID	BRAND
RGB	UNID	BRAND
Keyboard	UNID	BRAND
ASUS	UNID	BRAND
T102HA-D4-GR	UNID	BRAND
Transformer	UNID	BRAND
Mini	UNID	BRAND
10.1-Inch	UNID	BRAND
2	UNID	BRAND
in	UNID	BRAND
1	UNID	BRAND
Touchscreen	UNID	BRAND
Laptop	UNID	BRAND
-LRB-	UNID	BRAND
Intel	UNID	BRAND
Quad-Core	UNID	BRAND
,	UNID	BRAND
128GB	UNID	BRAND
EMMC	UNID	BRAND
,	UNID	BRAND
Grey	UNID	BRAND
,	UNID	BRAND
keyboard	UNID	BRAND
included	UNID	BRAND
-RRB-	UNID	BRAND
ASUS	UNID	BRAND
VivoBook	UNID	BRAND
X540SA	UNID	BRAND
15.6-Inch	UNID	BRAND
High	UNID	BRAND
Performance	UNID	BRAND
Premium	UNID	BRAND
HD	UNID	BRAND
Laptop	UNID	BRAND
-LRB-	UNID	BRAND
Intel	UNID	BRAND
Quad	UNID	BRAND
Core	UNID	BRAND
Pentium	UNID	BRAND
N3700	UNID	BRAND
Processor	UNID	BRAND
up	UNID	BRAND
to	UNID	BRAND
2.4	UNID	BRAND
GHz	UNID	RAM
,	UNID	RAM
4	UNID	RAM
GB	UNID	RAM
RAM	UNID	OS
,	UNID	OS
500GB	UNID	OS
HDD	UNID	OS
,	UNID	OS
Windows	UNID	OS
10	UNID	OS
-RRB-	UNID	OS
Silver	UNID	BRAND
ASUS	UNID	BRAND
ZenBook	UNID	BRAND
3	UNID	BRAND
UX390UA-XH74-BL	UNID	BRAND
12.5-inch	UNID	BRAND
Ultra-Slim	UNID	BRAND
Lightweight	UNID	BRAND
Laptop	UNID	BRAND
-LRB-	UNID	BRAND
Intel	UNID	BRAND
KabyLake	UNID	BRAND
Core	UNID	BRAND
i7	UNID	BRAND
7500U	UNID	BRAND
2.7	UNID	BRAND
GHz	UNID	BRAND
Processor	UNID	BRAND
,	UNID	BRAND
16GB	UNID	BRAND
2133Mhz	UNID	BRAND
DDR3	UNID	BRAND
,	UNID	OS
512GB	UNID	OS
SSD	UNID	OS
,	UNID	OS
Windows	UNID	OS
10	UNID	OS
Professional	UNID	OS
64bit	UNID	OS
-RRB-	UNID	BRAND
ASUS	UNID	BRAND
ZenBook	UNID	BRAND
Flip	UNID	BRAND
UX360CA-DBM2T	UNID	BRAND
13.3	UNID	BRAND
-	UNID	BRAND
inch	UNID	BRAND
Touchscreen	UNID	BRAND
Laptop	UNID	BRAND
-LRB-	UNID	BRAND
Intel	UNID	BRAND
Core	UNID	BRAND
M	UNID	BRAND
CPU	UNID	BRAND
,8	UNID	BRAND
GB	UNID	BRAND
RAM	UNID	BRAND
,512	UNID	BRAND
GB	UNID	BRAND
Solid	UNID	BRAND
State	UNID	BRAND
Drive	UNID	BRAND
,	UNID	OS
Windows	UNID	OS
10	UNID	OS
-RRB-	UNID	BRAND
ASUS	UNID	BRAND
ZenBook	UNID	BRAND
Flip	UNID	BRAND
UX360CA-UBM1T	UNID	BRAND
13.3-inch	UNID	BRAND
Touchscreen	UNID	BRAND
Convertible	UNID	BRAND
Laptop	UNID	BRAND
Core	UNID	BRAND
m3	UNID	BRAND
8GB	UNID	BRAND
DDR3	UNID	OS
256GB	UNID	OS
SSD	UNID	OS
with	UNID	OS
Windows	UNID	OS
10	UNID	OS
ASUS	UNID	OS
ZenBook	UNID	OS
Pro	UNID	OS
UX501VW	UNID	OS
15.6-Inch	UNID	BRAND
4K	UNID	BRAND
Touchscreen	UNID	BRAND
Laptop	UNID	BRAND
-LRB-	UNID	BRAND
Core	UNID	BRAND
i7-6700HQ	UNID	BRAND
CPU	UNID	BRAND
,	UNID	BRAND
16	UNID	BRAND
GB	UNID	BRAND
DDR4	UNID	BRAND
,	UNID	BRAND
512	UNID	BRAND
GB	UNID	BRAND
NVMe	UNID	BRAND
SSD	UNID	BRAND
,	UNID	BRAND
GTX960M	UNID	BRAND
GPU	UNID	OS
,	UNID	OS
Thunderbolt	UNID	OS
III	UNID	OS
,	UNID	OS
Windows	UNID	OS
10	UNID	OS
Home	UNID	OS
-RRB-	UNID	BRAND
ASUS	UNID	BRAND
ZenBook	UNID	BRAND
UX303UB	UNID	BRAND
13.3-Inch	UNID	BRAND
QHD	UNID	BRAND
+	UNID	BRAND
Touchscreen	UNID	BRAND
Laptop	UNID	BRAND
,	UNID	BRAND
Intel	UNID	BRAND
Core	UNID	BRAND
i7	UNID	BRAND
,	UNID	BRAND
12	UNID	BRAND
GB	UNID	BRAND
RAM	UNID	BRAND
,	UNID	BRAND
512	UNID	BRAND
GB	UNID	BRAND
SSD	UNID	BRAND
,	UNID	BRAND
Discrete	UNID	BRAND
GPU	UNID	BRAND
Nvidia	UNID	OS
GT940M	UNID	OS
,	UNID	OS
Windows	UNID	OS
10	UNID	OS
-LRB-	UNID	OS
64	UNID	OS
bit	UNID	OS
-RRB-	UNID	BRAND
ASUS	UNID	BRAND
ZenBook	UNID	BRAND
UX330UA-AH54	UNID	BRAND
13.3-inch	UNID	BRAND
Ultra-Slim	UNID	BRAND
Laptop	UNID	BRAND
-LRB-	UNID	BRAND
Core	UNID	BRAND
i5	UNID	BRAND
Processor	UNID	BRAND
,	UNID	BRAND
8GB	UNID	BRAND
DDR3	UNID	BRAND
,	UNID	OS
256GB	UNID	OS
SSD	UNID	OS
,	UNID	OS
Windows	UNID	OS
10	UNID	OS
-RRB-	UNID	BRAND
With	UNID	BRAND
Harman	UNID	BRAND
Kardon	UNID	BRAND
Quad	UNID	BRAND
Speakers	UNID	BRAND
,	UNID	BRAND
Backlit	UNID	BRAND
keyboard	UNID	BRAND
,	UNID	BRAND
fingerprint	UNID	BRAND
ASUS	UNID	BRAND
ZX53VW	UNID	BRAND
15.6	UNID	BRAND
''	UNID	BRAND
Gaming	UNID	BRAND
Laptop	UNID	BRAND
,	UNID	BRAND
NVIDIA	UNID	BRAND
,	UNID	BRAND
GTX	UNID	BRAND
960M	UNID	BRAND
4GB	UNID	BRAND
,	UNID	BRAND
FHD	UNID	BRAND
,	UNID	BRAND
Intel	UNID	BRAND
Core	UNID	BRAND
i5-6300HQ	UNID	BRAND
,	UNID	BRAND
8GB	UNID	BRAND
DDR4	UNID	BRAND
,	UNID	BRAND
512GB	UNID	BRAND
SSD	UNID	BRAND
,	UNID	BRAND
Backlit	UNID	BRAND
keyboard	UNID	BRAND
,	UNID	BRAND
Microsoft	UNID	BRAND
signature	UNID	BRAND
image	UNID	BRAND
,	UNID	BRAND
Anti-Glare	UNID	BRAND
Matte	UNID	BRAND
Display	UNID	BRAND
.	UNID	BRAND
Dell	UNID	BRAND
i3552-3240BLK	UNID	BRAND
15.6	UNID	BRAND
''	UNID	BRAND
HD	UNID	BRAND
Laptop	UNID	BRAND
-LRB-	UNID	BRAND
Intel	UNID	BRAND
Pentium	UNID	BRAND
N3700	UNID	BRAND
1.6	UNID	BRAND
GHz	UNID	BRAND
Processor	UNID	BRAND
,	UNID	BRAND
4	UNID	BRAND
GB	UNID	BRAND
DDR3L	UNID	BRAND
SDRAM	UNID	BRAND
,	UNID	BRAND
500	UNID	OS
GB	UNID	OS
HDD	UNID	OS
,	UNID	OS
Windows	UNID	OS
10	UNID	OS
-RRB-	UNID	OS
Black	UNID	OS
Dell	UNID	OS
Inspiron	UNID	OS
15	UNID	OS
5000	UNID	OS
15.6	UNID	BRAND
''	UNID	BRAND
FHD	UNID	BRAND
Touchscreen	UNID	BRAND
Laptop	UNID	BRAND
-LRB-	UNID	BRAND
Intel	UNID	BRAND
Core	UNID	BRAND
i5-6200U	UNID	BRAND
,	UNID	RAM
8	UNID	RAM
GB	UNID	RAM
RAM	UNID	RAM
,	UNID	RAM
1	UNID	RAM
TB	UNID	OS
HDD	UNID	OS
,	UNID	OS
Windows	UNID	OS
10-MaxxAudio	UNID	OS
Pro	UNID	OS
-RRB-	UNID	BRAND
,	UNID	BRAND
Silver	UNID	BRAND
Dell	UNID	BRAND
Inspiron	UNID	BRAND
15.6	UNID	BRAND
''	UNID	BRAND
Touch-Screen	UNID	BRAND
HD	UNID	BRAND
I3558-10000BLK	UNID	BRAND
Laptop	UNID	BRAND
-LRB-	UNID	BRAND
2017	UNID	BRAND
Model	UNID	BRAND
-RRB-	UNID	BRAND
,	UNID	BRAND
Intel	UNID	BRAND
Core	UNID	BRAND
i5-5200U	UNID	BRAND
Processor	UNID	BRAND
,	UNID	BRAND
6GB	UNID	BRAND
Memory	UNID	BRAND
,	UNID	BRAND
1TB	UNID	BRAND
HDD	UNID	BRAND
,	UNID	BRAND
HDMI	UNID	BRAND
,	UNID	BRAND
Bluetooth	UNID	BRAND
,	UNID	BRAND
DVD-RW	UNID	BRAND
,	UNID	BRAND
WiFi	UNID	OS
,	UNID	OS
HD	UNID	OS
Webcam	UNID	OS
,	UNID	OS
Windows	UNID	OS
10	UNID	OS
-	UNID	OS
MaxxAudio	UNID	BRAND
Dell	UNID	BRAND
Inspiron	UNID	BRAND
15.6	UNID	BRAND
''	UNID	BRAND
Touchscreen	UNID	BRAND
HD	UNID	BRAND
I3558-5501BLK	UNID	BRAND
Laptop	UNID	BRAND
-LRB-	UNID	BRAND
2017	UNID	BRAND
Model	UNID	BRAND
-RRB-	UNID	BRAND
,	UNID	BRAND
Intel	UNID	BRAND
Core	UNID	BRAND
i5-5200U	UNID	BRAND
Processor	UNID	BRAND
,	UNID	BRAND
8GB	UNID	BRAND
Memory	UNID	BRAND
,	UNID	BRAND
1TB	UNID	BRAND
HDD	UNID	BRAND
,	UNID	BRAND
HDMI	UNID	BRAND
,	UNID	BRAND
Bluetooth	UNID	BRAND
,	UNID	BRAND
DVD-RW	UNID	BRAND
,	UNID	BRAND
WiFi	UNID	OS
,	UNID	OS
HD	UNID	OS
Webcam	UNID	OS
,	UNID	OS
Windows	UNID	OS
10	UNID	OS
-	UNID	OS
MaxxAudio	UNID	BRAND
Dell	UNID	BRAND
Inspiron	UNID	BRAND
17.3	UNID	BRAND
''	UNID	BRAND
FHD	UNID	BRAND
Laptop	UNID	BRAND
-LRB-	UNID	BRAND
7th	UNID	BRAND
Generation	UNID	BRAND
i7	UNID	BRAND
,	UNID	BRAND
16GB	UNID	BRAND
RAM	UNID	BRAND
,	UNID	BRAND
2	UNID	BRAND
TB	UNID	BRAND
HDD	UNID	BRAND
-RRB-	UNID	BRAND
-LRB-	UNID	BRAND
i5767-6370GRY	UNID	BRAND
-RRB-	UNID	BRAND
Dell	UNID	BRAND
Inspiron	UNID	BRAND
3000	UNID	BRAND
15.6-Inch	UNID	BRAND
HD	UNID	BRAND
Laptop	UNID	BRAND
-LRB-	UNID	BRAND
Intel	UNID	BRAND
Core	UNID	BRAND
i3	UNID	BRAND
Processor	UNID	BRAND
2GHz	UNID	BRAND
,	UNID	BRAND
6GB	UNID	BRAND
RAM	UNID	BRAND
,	UNID	BRAND
1TB	UNID	BRAND
HDD	UNID	BRAND
,	UNID	BRAND
802.11	UNID	BRAND
ac	UNID	OS
+	UNID	OS
Bluetooth	UNID	OS
4.0	UNID	OS
,	UNID	OS
Windows	UNID	OS
10	UNID	OS
-RRB-	UNID	BRAND
Dell	UNID	BRAND
Inspiron	UNID	BRAND
Flagship	UNID	BRAND
15.6-Inch	UNID	BRAND
FHD	UNID	BRAND
Touchscreen	UNID	BRAND
Backlit	UNID	BRAND
Keyboard	UNID	BRAND
Laptop	UNID	BRAND
PC	UNID	BRAND
-LRB-	UNID	BRAND
Intel	UNID	BRAND
Core	UNID	BRAND
i5-6200U	UNID	BRAND
,	UNID	BRAND
8GB	UNID	BRAND
RAM	UNID	BRAND
,	UNID	BRAND
1TB	UNID	BRAND
HDD	UNID	BRAND
,	UNID	BRAND
RealSense	UNID	BRAND
3D	UNID	BRAND
Camera	UNID	BRAND
,	UNID	BRAND
DVD	UNID	BRAND
+	UNID	BRAND
/	UNID	BRAND
-	UNID	BRAND
RW	UNID	OS
,	UNID	OS
Bluetooth	UNID	OS
,	UNID	OS
Windows	UNID	OS
10	UNID	OS
-RRB-	UNID	OS
,	UNID	BRAND
Silver	UNID	BRAND
Dell	UNID	BRAND
Inspiron	UNID	BRAND
i5378-2885GRY	UNID	BRAND
13.3	UNID	BRAND
''	UNID	BRAND
FHD	UNID	BRAND
2-in-1	UNID	BRAND
Laptop	UNID	BRAND
-LRB-	UNID	BRAND
7th	UNID	BRAND
Generation	UNID	BRAND
Intel	UNID	BRAND
Core	UNID	BRAND
i5	UNID	BRAND
,	UNID	BRAND
8GB	UNID	BRAND
RAM	UNID	BRAND
,	UNID	BRAND
1TB	UNID	BRAND
HDD	UNID	BRAND
-RRB-	UNID	BRAND
Microsoft	UNID	BRAND
Signature	UNID	BRAND
Image	UNID	BRAND
Dell	UNID	BRAND
Inspiron	UNID	BRAND
i5555	UNID	BRAND
Premium	UNID	BRAND
Laptop	UNID	BRAND
PC	UNID	BRAND
-LRB-	UNID	BRAND
2016	UNID	BRAND
Model	UNID	BRAND
-RRB-	UNID	BRAND
,	UNID	BRAND
15.6-inch	UNID	BRAND
HD	UNID	BRAND
LED-backlit	UNID	BRAND
Display	UNID	BRAND
,	UNID	BRAND
AMD	UNID	BRAND
A8-7410	UNID	BRAND
Quad	UNID	BRAND
Core	UNID	BRAND
Processor	UNID	BRAND
,	UNID	BRAND
6GB	UNID	BRAND
DDR3L	UNID	BRAND
RAM	UNID	BRAND
,	UNID	BRAND
500GB	UNID	BRAND
HDD	UNID	BRAND
,	UNID	BRAND
DVD	UNID	BRAND
+	UNID	BRAND
/	UNID	BRAND
-	UNID	BRAND
RW	UNID	BRAND
,	UNID	BRAND
Radeon	UNID	OS
R5	UNID	OS
Graphics	UNID	OS
,	UNID	OS
Windows	UNID	OS
10	UNID	OS
Dell	UNID	BRAND
Inspiron	UNID	BRAND
i7359-8404SLV	UNID	BRAND
13.3	UNID	BRAND
Inch	UNID	BRAND
2-in-1	UNID	BRAND
Touchscreen	UNID	BRAND
Laptop	UNID	BRAND
-LRB-	UNID	BRAND
6th	UNID	BRAND
Generation	UNID	BRAND
Intel	UNID	BRAND
Core	UNID	BRAND
i7	UNID	BRAND
,	UNID	BRAND
8	UNID	BRAND
GB	UNID	BRAND
RAM	UNID	BRAND
,	UNID	BRAND
256	UNID	BRAND
GB	UNID	BRAND
SSD	UNID	BRAND
-RRB-	UNID	BRAND
Dell	UNID	BRAND
Inspiron	UNID	BRAND
i7559-2512BLK	UNID	BRAND
15.6	UNID	BRAND
Inch	UNID	BRAND
FHD	UNID	BRAND
Laptop	UNID	BRAND
-LRB-	UNID	BRAND
6th	UNID	BRAND
Generation	UNID	BRAND
Intel	UNID	BRAND
Core	UNID	BRAND
i7	UNID	BRAND
,	UNID	RAM
8	UNID	RAM
GB	UNID	RAM
RAM	UNID	RAM
,	UNID	RAM
1	UNID	RAM
TB	UNID	RAM
HDD	UNID	RAM
+	UNID	RAM
8	UNID	RAM
GB	UNID	RAM
SSD	UNID	BRAND
-RRB-	UNID	BRAND
NVIDIA	UNID	BRAND
GeForce	UNID	BRAND
GTX	UNID	BRAND
960M	UNID	BRAND
Dell	UNID	BRAND
Inspiron	UNID	BRAND
i7559-5012GRY	UNID	BRAND
15.6	UNID	BRAND
''	UNID	BRAND
UHD	UNID	BRAND
-LRB-	UNID	BRAND
3840x2160	UNID	BRAND
-RRB-	UNID	BRAND
4k	UNID	BRAND
Touchscreen	UNID	BRAND
Laptop	UNID	BRAND
-LRB-	UNID	BRAND
Intel	UNID	BRAND
Quad	UNID	BRAND
Core	UNID	BRAND
i7-6700HQ	UNID	BRAND
,	UNID	RAM
8	UNID	RAM
GB	UNID	RAM
RAM	UNID	RAM
,	UNID	RAM
1	UNID	RAM
TB	UNID	RAM
HDD	UNID	RAM
+	UNID	RAM
8	UNID	RAM
GB	UNID	RAM
SSD	UNID	BRAND
-RRB-	UNID	BRAND
NVIDIA	UNID	BRAND
GeForce	UNID	BRAND
GTX	UNID	BRAND
960M	UNID	BRAND
,	UNID	BRAND
Microsoft	UNID	BRAND
Signature	UNID	BRAND
Edition	UNID	BRAND
Dell	UNID	BRAND
Latitude	UNID	BRAND
7000	UNID	BRAND
E7450	UNID	BRAND
UltraBook	UNID	BRAND
Laptop	UNID	BRAND
:	UNID	BRAND
14	UNID	BRAND
''	UNID	BRAND
FHD	UNID	BRAND
-LRB-	UNID	BRAND
1920x1080	UNID	BRAND
-RRB-	UNID	BRAND
TouchScreen	UNID	BRAND
-LRB-	UNID	BRAND
Corning	UNID	BRAND
Gorilla	UNID	BRAND
Glass	UNID	BRAND
-RRB-	UNID	BRAND
|	UNID	BRAND
Intel	UNID	BRAND
i5-5300U	UNID	BRAND
|	UNID	BRAND
256GB	UNID	BRAND
SSD	UNID	BRAND
|	UNID	BRAND
8GB	UNID	BRAND
RAM	UNID	BRAND
|	UNID	BRAND
Back-lit	UNID	OS
|	UNID	OS
Bluetooth	UNID	OS
|	UNID	OS
Windows	UNID	OS
10	UNID	OS
Pro	UNID	OS
|	UNID	OS
Warranty	UNID	OS
till	UNID	OS
2019	UNID	BRAND
Dell	UNID	BRAND
XPS9360-7336SLV	UNID	BRAND
13.3	UNID	BRAND
''	UNID	BRAND
Laptop	UNID	BRAND
-LRB-	UNID	BRAND
7th	UNID	BRAND
Generation	UNID	BRAND
Intel	UNID	BRAND
Core	UNID	BRAND
i7	UNID	BRAND
,	UNID	BRAND
16GB	UNID	BRAND
RAM	UNID	BRAND
,	UNID	BRAND
512	UNID	BRAND
GB	UNID	BRAND
SSD	UNID	BRAND
,	UNID	BRAND
Silver	UNID	BRAND
-RRB-	UNID	BRAND
HP	UNID	BRAND
14-an013nr	UNID	BRAND
14-Inch	UNID	BRAND
Notebook	UNID	BRAND
-LRB-	UNID	BRAND
AMD	UNID	BRAND
E2-7110	UNID	BRAND
QC	UNID	BRAND
,	UNID	BRAND
4GB	UNID	BRAND
RAM	UNID	BRAND
,	UNID	OS
32	UNID	OS
GB	UNID	OS
eMMC	UNID	OS
Hard	UNID	OS
Drive	UNID	OS
,	UNID	OS
Windows	UNID	OS
10	UNID	OS
Home	UNID	OS
64	UNID	OS
-RRB-	UNID	OS
HP	UNID	BRAND
15.6	UNID	BRAND
Inch	UNID	BRAND
Touchscreen	UNID	BRAND
Laptop	UNID	BRAND
Computer	UNID	BRAND
-LRB-	UNID	BRAND
Intel	UNID	BRAND
Core	UNID	BRAND
i3-6100U	UNID	BRAND
2.3	UNID	BRAND
GHZ	UNID	BRAND
,	UNID	BRAND
8GB	UNID	BRAND
RAM	UNID	BRAND
,	UNID	BRAND
1TB	UNID	BRAND
Hard	UNID	BRAND
Drive	UNID	BRAND
,	UNID	BRAND
DVD/CD	UNID	BRAND
Drive	UNID	BRAND
,	UNID	OS
HD	UNID	OS
Webcam	UNID	OS
,	UNID	OS
Windows	UNID	OS
10	UNID	OS
Home	UNID	OS
-RRB-	UNID	BRAND
-LRB-	UNID	BRAND
Certified	UNID	BRAND
Refurbished	UNID	BRAND
-RRB-	UNID	BRAND
HP	UNID	BRAND
15.6	UNID	BRAND
''	UNID	BRAND
-LRB-	UNID	BRAND
1366x768	UNID	BRAND
-RRB-	UNID	BRAND
HD	UNID	BRAND
Notebook	UNID	BRAND
:	UNID	BRAND
Intel	UNID	BRAND
7th	UNID	BRAND
Gen	UNID	BRAND
i7-7500U	UNID	BRAND
|	UNID	BRAND
16GB	UNID	BRAND
DDR4	UNID	BRAND
|	UNID	BRAND
1TB	UNID	BRAND
HDD	UNID	BRAND
|	UNID	BRAND
DVD	UNID	BRAND
|	UNID	BRAND
Wireless	UNID	BRAND
AC	UNID	BRAND
|	UNID	OS
Bluetooth	UNID	OS
|	UNID	OS
Windows	UNID	OS
10	UNID	OS
|	UNID	OS
Silver	UNID	BRAND
HP	UNID	BRAND
15-ba009dx	UNID	BRAND
-	UNID	BRAND
15.6	UNID	BRAND
''	UNID	BRAND
Laptop	UNID	BRAND
-	UNID	BRAND
AMD	UNID	BRAND
Quad-Core	UNID	BRAND
A6-7310	UNID	BRAND
APU	UNID	BRAND
-	UNID	BRAND
4GB	UNID	BRAND
Memory	UNID	BRAND
-	UNID	BRAND
500GB	UNID	BRAND
Hard	UNID	BRAND
Drive	UNID	BRAND
-	UNID	BRAND
Black	UNID	BRAND
HP	UNID	BRAND
15-F222WM	UNID	BRAND
15.6	UNID	BRAND
''	UNID	BRAND
Touch	UNID	BRAND
Screen	UNID	BRAND
Laptop	UNID	BRAND
-LRB-	UNID	BRAND
Intel	UNID	BRAND
Quad	UNID	BRAND
Core	UNID	BRAND
Pentium	UNID	BRAND
N3540	UNID	BRAND
Processor	UNID	BRAND
,	UNID	BRAND
4GB	UNID	BRAND
Memory	UNID	BRAND
,	UNID	BRAND
500GB	UNID	OS
Hard	UNID	OS
Drive	UNID	OS
,	UNID	OS
Windows	UNID	OS
10	UNID	OS
-RRB-	UNID	BRAND
HP	UNID	BRAND
ENVY	UNID	BRAND
13-ab016nr	UNID	BRAND
Notebook	UNID	BRAND
-LRB-	UNID	BRAND
Intel	UNID	BRAND
Core	UNID	BRAND
i5-7200U	UNID	BRAND
,	UNID	BRAND
8GB	UNID	BRAND
RAM	UNID	BRAND
,	UNID	BRAND
256GB	UNID	OS
SSD	UNID	OS
-RRB-	UNID	OS
with	UNID	OS
Windows	UNID	OS
10	UNID	OS
HP	UNID	BRAND
High	UNID	BRAND
Performance	UNID	BRAND
15.6	UNID	BRAND
Inch	UNID	BRAND
Business	UNID	BRAND
Laptop	UNID	BRAND
-LRB-	UNID	BRAND
Quad	UNID	BRAND
Core	UNID	BRAND
AMD	UNID	BRAND
A6-7310	UNID	BRAND
2.0	UNID	BRAND
GHz	UNID	BRAND
8GB	UNID	BRAND
RAM	UNID	BRAND
128GB	UNID	BRAND
SSDDVD	UNID	BRAND
HDMI	UNID	BRAND
Webcam	UNID	BRAND
802.11	UNID	OS
ac	UNID	OS
Window	UNID	OS
10	UNID	OS
-RRB-	UNID	BRAND
HP	UNID	BRAND
Notebook	UNID	BRAND
15.6	UNID	BRAND
''	UNID	BRAND
Touchscreen	UNID	BRAND
Premium	UNID	BRAND
Laptop	UNID	BRAND
PC	UNID	BRAND
-LRB-	UNID	BRAND
2017	UNID	BRAND
Version	UNID	BRAND
-RRB-	UNID	BRAND
,	UNID	BRAND
7th	UNID	BRAND
Gen	UNID	BRAND
Intel	UNID	BRAND
Core	UNID	BRAND
i3-7100U	UNID	BRAND
2.4	UNID	BRAND
GHz	UNID	BRAND
Processor	UNID	BRAND
,	UNID	BRAND
8GB	UNID	BRAND
DDR4	UNID	BRAND
RAM	UNID	BRAND
,	UNID	BRAND
1TB	UNID	BRAND
HDD	UNID	BRAND
,	UNID	BRAND
SuperMulti	UNID	BRAND
DVD	UNID	BRAND
Burner	UNID	BRAND
,	UNID	OS
Bluetooth	UNID	OS
,	UNID	OS
Windows	UNID	OS
10	UNID	OS
HP	UNID	BRAND
Notebook	UNID	BRAND
15-ay011nr	UNID	BRAND
15.6-Inch	UNID	BRAND
Laptop	UNID	BRAND
-LRB-	UNID	BRAND
6th	UNID	BRAND
Gen	UNID	BRAND
Intel	UNID	BRAND
Core	UNID	BRAND
i5-6200U	UNID	BRAND
Processor	UNID	BRAND
,	UNID	BRAND
8GB	UNID	BRAND
DDR3L	UNID	BRAND
SDRAM	UNID	BRAND
,	UNID	OS
1TB	UNID	OS
HDD	UNID	OS
,	UNID	OS
Windows	UNID	OS
10	UNID	OS
-RRB-	UNID	OS
,	UNID	OS
Silver	UNID	BRAND
HP	UNID	BRAND
Pavilion	UNID	BRAND
15	UNID	BRAND
15.6-Inch	UNID	BRAND
Laptop	UNID	BRAND
-LRB-	UNID	BRAND
AMD	UNID	BRAND
Quad-Core	UNID	BRAND
A6-5200	UNID	BRAND
,	UNID	BRAND
4GB	UNID	BRAND
RAM	UNID	BRAND
,	UNID	BRAND
500GB	UNID	BRAND
HDD	UNID	BRAND
,	UNID	BRAND
DVD	UNID	BRAND
+	UNID	BRAND
/	UNID	BRAND
-	UNID	BRAND
RW	UNID	BRAND
,	UNID	BRAND
Webcam	UNID	BRAND
,	UNID	BRAND
Wifi	UNID	BRAND
,	UNID	BRAND
HDMI	UNID	OS
,	UNID	OS
Windows	UNID	OS
10	UNID	OS
-RRB-	UNID	OS
,	UNID	BRAND
Black	UNID	BRAND
HP	UNID	BRAND
Spectre	UNID	BRAND
X2	UNID	BRAND
12-a008nr	UNID	BRAND
-LRB-	UNID	BRAND
Intel	UNID	BRAND
Core	UNID	BRAND
M3	UNID	BRAND
,	UNID	BRAND
4GB	UNID	BRAND
RAM	UNID	BRAND
,	UNID	BRAND
128GB	UNID	BRAND
SSD	UNID	BRAND
,	UNID	BRAND
Touch	UNID	BRAND
Screen	UNID	BRAND
-RRB-	UNID	OS
with	UNID	OS
Windows	UNID	OS
10	UNID	OS
HP	UNID	BRAND
Stream	UNID	BRAND
Laptop	UNID	BRAND
PC	UNID	BRAND
14-ax010nr	UNID	BRAND
-LRB-	UNID	BRAND
Intel	UNID	BRAND
Celeron	UNID	BRAND
N3060	UNID	BRAND
,	UNID	BRAND
4	UNID	BRAND
GB	UNID	BRAND
RAM	UNID	BRAND
,	UNID	BRAND
32	UNID	BRAND
GB	UNID	BRAND
eMMC	UNID	BRAND
-RRB-	UNID	BRAND
with	UNID	BRAND
Office	UNID	BRAND
365	UNID	BRAND
Personal	UNID	BRAND
for	UNID	BRAND
one	UNID	BRAND
year	UNID	BRAND
Lenovo	UNID	BRAND
14	UNID	BRAND
''	UNID	BRAND
IdeaPad	UNID	BRAND
N42-20	UNID	BRAND
Chromebook	UNID	BRAND
,	UNID	BRAND
Intel	UNID	BRAND
N3060	UNID	BRAND
Dual-Core	UNID	BRAND
,	UNID	BRAND
16GB	UNID	BRAND
eMMC	UNID	BRAND
SSD	UNID	BRAND
,	UNID	BRAND
4GB	UNID	BRAND
DDR3	UNID	BRAND
,	UNID	BRAND
802.11	UNID	BRAND
ac	UNID	BRAND
,	UNID	BRAND
Bluetooth	UNID	BRAND
,	UNID	BRAND
ChromeOS	UNID	BRAND
Lenovo	UNID	BRAND
80SF0001US	UNID	BRAND
11.6	UNID	BRAND
''	UNID	BRAND
HD	UNID	BRAND
N22	UNID	BRAND
Chromebook	UNID	BRAND
Intel	UNID	BRAND
N3050	UNID	BRAND
2.16	UNID	BRAND
GHz	UNID	BRAND
4GB	UNID	BRAND
RAM	UNID	BRAND
16GB	UNID	BRAND
SSD	UNID	BRAND
Drive	UNID	BRAND
Bluetooth	UNID	BRAND
4.1	UNID	BRAND
HDMI	UNID	BRAND
WiFi	UNID	BRAND
Chrome	UNID	BRAND
Lenovo	UNID	BRAND
IdeaPad	UNID	BRAND
15.6	UNID	BRAND
Inch	UNID	BRAND
HD	UNID	BRAND
Laptop	UNID	BRAND
-LRB-	UNID	BRAND
Intel	UNID	BRAND
Dual-Core	UNID	BRAND
Celeron	UNID	BRAND
N3060	UNID	BRAND
1.6	UNID	BRAND
GHz	UNID	BRAND
Processor	UNID	BRAND
,	UNID	BRAND
4GB	UNID	BRAND
RAM	UNID	BRAND
,	UNID	BRAND
500GB	UNID	BRAND
HDD	UNID	BRAND
,	UNID	BRAND
DVD	UNID	BRAND
RW	UNID	BRAND
,	UNID	BRAND
Bluetooth	UNID	BRAND
,	UNID	BRAND
Webcam	UNID	BRAND
,	UNID	BRAND
WiFi	UNID	OS
,	UNID	OS
HDMI	UNID	OS
,	UNID	OS
Windows	UNID	OS
10	UNID	OS
-RRB-	UNID	OS
Black	UNID	OS
Lenovo	UNID	OS
IdeaPad110	UNID	OS
15.6-Inch	UNID	BRAND
HD	UNID	BRAND
Laptop	UNID	BRAND
-LRB-	UNID	BRAND
Intel	UNID	BRAND
Celeron	UNID	BRAND
N3060	UNID	BRAND
Dual-Core	UNID	BRAND
Processor	UNID	BRAND
,	UNID	BRAND
4GB	UNID	BRAND
RAM	UNID	BRAND
,	UNID	OS
500GB	UNID	OS
HDD	UNID	OS
,	UNID	OS
Windows	UNID	OS
10	UNID	OS
-RRB-	UNID	OS
,	UNID	BRAND
Black	UNID	BRAND
Lenovo	UNID	BRAND
N22	UNID	BRAND
11.6-inch	UNID	BRAND
High	UNID	BRAND
Performance	UNID	BRAND
Laptop	UNID	BRAND
Notebook	UNID	BRAND
-LRB-	UNID	BRAND
2016	UNID	BRAND
New	UNID	BRAND
Premium	UNID	BRAND
Edition	UNID	BRAND
-RRB-	UNID	BRAND
,	UNID	BRAND
Intel	UNID	BRAND
Dual-Core	UNID	BRAND
Processor	UNID	BRAND
1.60	UNID	BRAND
GHz	UNID	BRAND
,	UNID	BRAND
4GB	UNID	BRAND
RAM	UNID	BRAND
,	UNID	BRAND
64GB	UNID	BRAND
SSD	UNID	BRAND
,	UNID	BRAND
Rotatable	UNID	BRAND
Webcam	UNID	BRAND
,	UNID	OS
Water-Resistant	UNID	OS
Keyboard	UNID	OS
,	UNID	OS
Windows	UNID	OS
10	UNID	OS
Pro	UNID	OS
Lenovo	UNID	OS
ThinkPad	UNID	OS
13	UNID	OS
Chromebook	UNID	OS
-	UNID	BRAND
Celeron	UNID	BRAND
3855U	UNID	BRAND
,	UNID	BRAND
4GB	UNID	BRAND
RAM	UNID	BRAND
,	UNID	BRAND
16GB	UNID	BRAND
eMMC	UNID	BRAND
,	UNID	BRAND
Chrome	UNID	BRAND
Lenovo	UNID	BRAND
ThinkPad	UNID	BRAND
E560	UNID	BRAND
Laptop	UNID	BRAND
,	UNID	BRAND
Intel	UNID	BRAND
Core	UNID	BRAND
i5-6200U	UNID	BRAND
2.3	UNID	BRAND
GHz	UNID	BRAND
,	UNID	BRAND
500GB	UNID	BRAND
SATA	UNID	BRAND
,	UNID	BRAND
4GB	UNID	BRAND
DDR3	UNID	BRAND
,	UNID	BRAND
802.11	UNID	BRAND
ac	UNID	BRAND
,	UNID	BRAND
Bluetooth	UNID	BRAND
,	UNID	BRAND
Win7Pro	UNID	BRAND
,	UNID	BRAND
Black	UNID	BRAND
,	UNID	BRAND
15.6	UNID	BRAND
''	UNID	BRAND
Lenovo	UNID	BRAND
ThinkPad	UNID	BRAND
T450	UNID	BRAND
14	UNID	BRAND
''	UNID	BRAND
LED	UNID	BRAND
Business	UNID	BRAND
Ultrabook	UNID	BRAND
:	UNID	BRAND
Intel	UNID	BRAND
Core	UNID	BRAND
i5-5300U	UNID	BRAND
|	UNID	BRAND
8GB	UNID	BRAND
|	UNID	BRAND
500GB	UNID	BRAND
7200rpm	UNID	BRAND
|	UNID	OS
14	UNID	OS
''	UNID	OS
-LRB-	UNID	OS
1366x768	UNID	OS
-RRB-	UNID	OS
|	UNID	OS
Windows	UNID	OS
7	UNID	OS
Professional	UNID	OS
Upgradable	UNID	OS
to	UNID	OS
Win	UNID	OS
10	UNID	OS
Pro	UNID	OS
|	UNID	OS
Bluetooth	UNID	OS
|	UNID	BRAND
FingerPrint	UNID	BRAND
Reader	UNID	BRAND
Lenovo	UNID	BRAND
Thinkpad	UNID	BRAND
Yoga	UNID	BRAND
11E	UNID	BRAND
-LRB-	UNID	BRAND
3rd	UNID	BRAND
Generation	UNID	BRAND
-RRB-	UNID	BRAND
11.6	UNID	BRAND
''	UNID	BRAND
Touchscreen	UNID	BRAND
Convertible	UNID	BRAND
Ultrabook	UNID	BRAND
,	UNID	BRAND
Intel	UNID	BRAND
N3150	UNID	BRAND
Quad-Core	UNID	BRAND
,	UNID	BRAND
128GB	UNID	BRAND
Solid	UNID	BRAND
State	UNID	BRAND
Drive	UNID	BRAND
,	UNID	BRAND
4GB	UNID	BRAND
DDR3	UNID	BRAND
,	UNID	BRAND
802.11	UNID	BRAND
ac	UNID	BRAND
,	UNID	BRAND
Bluetooth	UNID	BRAND
,	UNID	BRAND
Win10H	UNID	BRAND
Lenovo	UNID	BRAND
Thinkpad	UNID	BRAND
Yoga	UNID	BRAND
11E-G3	UNID	BRAND
Convertible	UNID	BRAND
,	UNID	BRAND
Intel	UNID	BRAND
:	UNID	BRAND
N3160/CQC	UNID	BRAND
,	UNID	BRAND
1.6	UNID	BRAND
GHz	UNID	BRAND
,	UNID	BRAND
128	UNID	BRAND
GB	UNID	BRAND
,	UNID	OS
Intel-HD/IGP	UNID	OS
,	UNID	OS
Windows	UNID	OS
10	UNID	OS
Home	UNID	OS
Edition-64	UNID	OS
bit	UNID	OS
,	UNID	COLOR
Black	UNID	COLOR
,	UNID	COLOR
11.6	UNID	BRAND
''	UNID	BRAND
HD	UNID	BRAND
Touch	UNID	BRAND
Lenovo	UNID	BRAND
Yoga	UNID	BRAND
710	UNID	BRAND
80V4000GUS	UNID	BRAND
2-in-1	UNID	BRAND
14-Inch	UNID	BRAND
Touch-Screen	UNID	BRAND
Laptop	UNID	BRAND
-LRB-	UNID	BRAND
Intel	UNID	BRAND
Core	UNID	BRAND
i5-7200U	UNID	BRAND
,	UNID	BRAND
8GB	UNID	BRAND
Memory	UNID	BRAND
,	UNID	BRAND
256GB	UNID	OS
SSD	UNID	OS
,	UNID	OS
Windows	UNID	OS
10	UNID	OS
Home	UNID	OS
64	UNID	OS
-RRB-	UNID	OS
,	UNID	BRAND
Silver	UNID	BRAND
Microsoft	UNID	BRAND
Surface	UNID	BRAND
Book	UNID	BRAND
-LRB-	UNID	BRAND
512	UNID	BRAND
GB	UNID	BRAND
,	UNID	BRAND
16	UNID	BRAND
GB	UNID	BRAND
RAM	UNID	BRAND
,	UNID	BRAND
Intel	UNID	BRAND
Core	UNID	BRAND
i7	UNID	BRAND
,	UNID	BRAND
NVIDIA	UNID	BRAND
GeForce	UNID	BRAND
graphics	UNID	BRAND
-RRB-	UNID	BRAND
Microsoft	UNID	BRAND
Surface	UNID	BRAND
Book	UNID	BRAND
-LRB-	UNID	BRAND
Intel	UNID	BRAND
Core	UNID	BRAND
i7	UNID	BRAND
,	UNID	BRAND
16GB	UNID	BRAND
RAM	UNID	BRAND
,	UNID	BRAND
512GB	UNID	BRAND
-RRB-	UNID	BRAND
with	UNID	BRAND
Performance	UNID	BRAND
Base	UNID	BRAND
Microsoft	UNID	BRAND
Surface	UNID	BRAND
Pro	UNID	BRAND
4	UNID	BRAND
SU3-00001	UNID	BRAND
12.3-Inch	UNID	BRAND
Laptop	UNID	BRAND
-LRB-	UNID	BRAND
2.2	UNID	BRAND
GHz	UNID	BRAND
Core	UNID	BRAND
M	UNID	BRAND
Family	UNID	BRAND
,	UNID	BRAND
4GB	UNID	BRAND
RAM	UNID	BRAND
,	UNID	BRAND
128	UNID	OS
GB	UNID	OS
flash_memory_solid_state	UNID	OS
,	UNID	OS
Windows	UNID	OS
10	UNID	OS
Pro	UNID	OS
-RRB-	UNID	OS
,	UNID	OS
Silver	UNID	BRAND
New	UNID	BRAND
Apple	UNID	BRAND
MacBook	UNID	BRAND
Pro	UNID	BRAND
MF840LL/A	UNID	BRAND
13.3-Inch	UNID	BRAND
Laptop	UNID	BRAND
with	UNID	BRAND
Retina	UNID	BRAND
Display	UNID	BRAND
-LRB-	UNID	BRAND
2.7	UNID	BRAND
GHz	UNID	BRAND
Core	UNID	BRAND
i5	UNID	BRAND
Processor	UNID	BRAND
,	UNID	BRAND
8GB	UNID	BRAND
RAM	UNID	BRAND
,	UNID	BRAND
256GB	UNID	OS
SSD	UNID	OS
,	UNID	OS
OS	UNID	OS
X	UNID	OS
El	UNID	OS
Capitan	UNID	BRAND
-RRB-	UNID	BRAND
Razer	UNID	BRAND
Blade	UNID	BRAND
Stealth	UNID	BRAND
12.5	UNID	BRAND
''	UNID	BRAND
QHD	UNID	BRAND
Touchscreen	UNID	BRAND
Ultrabook	UNID	BRAND
-LRB-	UNID	BRAND
7th	UNID	BRAND
Generation	UNID	BRAND
Intel	UNID	BRAND
Core	UNID	BRAND
i7	UNID	BRAND
,	UNID	BRAND
16GB	UNID	BRAND
RAM	UNID	BRAND
,	UNID	OS
512GB	UNID	OS
SSD	UNID	OS
,	UNID	OS
Windows	UNID	OS
10	UNID	OS
-RRB-	UNID	OS
Samsung	UNID	OS
Chromebook	UNID	OS
3	UNID	OS
XE500C13-K01US	UNID	BRAND
2	UNID	BRAND
GB	UNID	BRAND
RAM	UNID	BRAND
16GB	UNID	BRAND
SSD	UNID	BRAND
11.6	UNID	BRAND
''	UNID	BRAND
Laptop	UNID	BRAND
-LRB-	UNID	BRAND
Certified	UNID	BRAND
Refurbished	UNID	BRAND
-RRB-	UNID	BRAND
Samsung	UNID	BRAND
Chromebook	UNID	BRAND
3	UNID	BRAND
XE500C13-K02US	UNID	BRAND
4	UNID	BRAND
GB	UNID	BRAND
RAM	UNID	BRAND
16GB	UNID	BRAND
SSD	UNID	BRAND
11.6	UNID	BRAND
''	UNID	BRAND
Laptop	UNID	BRAND
-LRB-	UNID	BRAND
Black	UNID	BRAND
-RRB-	UNID	BRAND
The	UNID	BRAND
Razer	UNID	BRAND
Blade	UNID	BRAND
-LRB-	UNID	BRAND
GeForce	UNID	BRAND
GTX	UNID	BRAND
1060	UNID	BRAND
-RRB-	UNID	BRAND
14	UNID	BRAND
''	UNID	BRAND
HD	UNID	BRAND
Gaming	UNID	BRAND
Laptop	UNID	BRAND
-LRB-	UNID	BRAND
7th	UNID	BRAND
Gen	UNID	BRAND
Intel	UNID	BRAND
Core	UNID	BRAND
i7	UNID	BRAND
,	UNID	BRAND
16GB	UNID	BRAND
RAM	UNID	BRAND
,	UNID	BRAND
512GB	UNID	BRAND
SSD	UNID	BRAND
-RRB-	UNID	BRAND
-	UNID	BRAND
VR	UNID	BRAND
Ready	UNID	BRAND
	UNID	BRAND

